"x","predicted","std.error","conf.low","conf.high","group","Treatment","year"
-2.42869361883274,0.0683968985553772,0.168135093683703,0.0501579770066256,0.0926213082639317,"1","saltmarsh",2015
-2.38058902732234,0.0673648284458499,0.165488071208957,0.0496306690605174,0.0908301716660433,"1","saltmarsh",2015
-2.33248443581194,0.066347222576498,0.162893107621692,0.0491038536230063,0.0890785514913453,"1","saltmarsh",2015
-2.28437984430154,0.0653439115431947,0.160352730324748,0.0485773993893162,0.0873659949234104,"1","saltmarsh",2015
-2.23627525279114,0.0643547269177588,0.15786957448574,0.0480511738042955,0.0856920523144074,"1","saltmarsh",2015
-2.18817066128074,0.0633795012757509,0.155446382356664,0.047525043601788,0.0840562769820293,"1","saltmarsh",2015
-2.14006606977034,0.0624180682229482,0.153086001453423,0.0469988754430985,0.0824582248903204,"1","saltmarsh",2015
-2.09196147825994,0.0614702624205262,0.150791381411469,0.0464725366632632,0.0808974542060755,"1","saltmarsh",2015
-2.04385688674954,0.0605359196089791,0.148565569324519,0.0459458961331372,0.079373524723197,"1","saltmarsh",2015
-1.99575229523914,0.0596148766308052,0.146411703368331,0.0454188252441408,0.0778859971485712,"1","saltmarsh",2015
-1.94764770372874,0.0587069714519902,0.144333004512037,0.0448911990207756,0.0764344322447678,"1","saltmarsh",2015
-1.89954311221834,0.0578120431823133,0.142332766127429,0.0443628973636444,0.0750183898272433,"1","saltmarsh",2015
-1.85143852070794,0.0569299320945094,0.140414341323303,0.0438338064226169,0.0736374276168293,"1","saltmarsh",2015
-1.80333392919754,0.0560604796423118,0.138581127859412,0.0433038200959199,0.0722910999521536,"1","saltmarsh",2015
-1.75522933768714,0.0552035284774079,0.136836550534112,0.0427728416462837,0.0709789563712861,"1","saltmarsh",2015
-1.70712474617674,0.0543589224653323,0.135184040992716,0.0422407854198772,0.0697005400773073,"1","saltmarsh",2015
-1.65902015466634,0.0535265067003286,0.133627014970492,0.041707578647704,0.068455386308552,"1","saltmarsh",2015
-1.61091556315594,0.0527061275192048,0.13216884706498,0.0411731633025824,0.0672430206408314,"1","saltmarsh",2015
-1.56281097164554,0.0518976325142119,0.130812843225756,0.0406374979780469,0.0660629572557203,"1","saltmarsh",2015
-1.51470638013514,0.0511008705449707,0.129562211253452,0.0401005597488192,0.0649146972156793,"1","saltmarsh",2015
-1.46660178862474,0.0503156917494756,0.128420029710011,0.0395623459663372,0.063797726792942,"1","saltmarsh",2015
-1.41849719711434,0.0495419475541997,0.127389215753588,0.0390228759376748,0.0627115159042454,"1","saltmarsh",2015
-1.37039260560394,0.048779490683329,0.126472492517806,0.0384821924325599,0.0616555167071003,"1","saltmarsh",2015
-1.32228801409354,0.0480281751671498,0.125672356748716,0.0379403629616255,0.0606291624148714,"1","saltmarsh",2015
-1.27418342258314,0.047287856349616,0.12499104748599,0.0373974807699508,0.0596318663870015,"1","saltmarsh",2015
-1.22607883107274,0.0465583908951204,0.124430516619803,0.0368536654937278,0.0586630215469332,"1","saltmarsh",2015
-1.17797423956234,0.0458396367944938,0.123992402165034,0.0363090634346781,0.0577220001734827,"1","saltmarsh",2015
-1.12986964805194,0.0451314533702584,0.123678005064756,0.0357638474166022,0.0568081541016586,"1","saltmarsh",2015
-1.08176505654154,0.0444337012811563,0.12348827026361,0.0352182162008693,0.0559208153564806,"1","saltmarsh",2015
-1.03366046503114,0.0437462425259784,0.123423772679159,0.034672393452193,0.0550592972288103,"1","saltmarsh",2015
-0.985555873520737,0.0430689404467155,0.123484708550384,0.0341266262619221,0.0542228957863146,"1","saltmarsh",2015
-0.937451282010337,0.0424016597310554,0.123670892464427,0.0335811832523474,0.0534108917963993,"1","saltmarsh",2015
-0.889346690499937,0.041744266414246,0.123981760166084,0.033036352301173,0.052622553022298,"1","saltmarsh",2015
-0.841242098989537,0.0410966278803482,0.1244163770513,0.0324924379393005,0.0518571368394892,"1","saltmarsh",2015
-0.793137507479136,0.0404586128628985,0.124973452048905,0.0319497584865326,0.0511138931081489,"1","saltmarsh",2015
-0.745032915968736,0.0398300914450022,0.125651356416183,0.0314086429980306,0.050392067229111,"1","saltmarsh",2015
-0.696928324458336,0.0392109350588779,0.126448146823872,0.0308694280989198,0.0496909033062353,"1","saltmarsh",2015
-0.648823732947936,0.0386010164848736,0.127361591992697,0.0303324547852191,0.0490096473372957,"1","saltmarsh",2015
-0.600719141437536,0.038000209849973,0.128389202070872,0.0297980652664281,0.0483475503583331,"1","saltmarsh",2015
-0.552614549927136,0.0374083906258115,0.129528259911241,0.0292665999190782,0.0477038714724339,"1","saltmarsh",2015
-0.504509958416736,0.036825435626221,0.130775853415801,0.0287383944119589,0.0470778807024881,"1","saltmarsh",2015
-0.456405366906336,0.0362512230043211,0.132128908159365,0.0282137770533081,0.0464688616178837,"1","saltmarsh",2015
-0.408300775395936,0.0356856322491753,0.133584219576637,0.027693066398798,0.045876113696554,"1","saltmarsh",2015
-0.360196183885535,0.0351285441820286,0.1351384840901,0.0271765691473929,0.0452989543955332,"1","saltmarsh",2015
-0.312091592375135,0.0345798409521446,0.136788328662205,0.0266645783407716,0.0447367209145548,"1","saltmarsh",2015
-0.263987000864736,0.0340394060322576,0.138530338366679,0.0261573718715246,0.0441887716476998,"1","saltmarsh",2015
-0.215882409354335,0.0335071242136576,0.140361081684104,0.0256552112961368,0.0436544873272938,"1","saltmarsh",2015
-0.167777817843935,0.0329828816009218,0.142277133330817,0.0251583409410902,0.0431332718719196,"1","saltmarsh",2015
-0.119673226333535,0.0324665656063096,0.144275094523956,0.0246669872843653,0.0426245529564606,"1","saltmarsh",2015
-0.071568634823135,0.0319580649438361,0.146351610666627,0.0241813585901704,0.0421277823265319,"1","saltmarsh",2015
-0.0234640433127349,0.0314572696230372,0.148503386504461,0.0237016447717798,0.0416424358825959,"1","saltmarsh",2015
0.0246405481976653,0.0309640709424428,0.150727198858165,0.0232280174557548,0.0411680135606601,"1","saltmarsh",2015
0.0727451397080654,0.0304783614827704,0.153019907076571,0.0227606302203495,0.0407040390369178,"1","saltmarsh",2015
0.120849731218466,0.0300000350998523,0.155378461382438,0.0222996189813595,0.0402500592832319,"1","saltmarsh",2015
0.168954322728866,0.0295289869173117,0.157799909300302,0.0218451024998364,0.0398056439991881,"1","saltmarsh",2015
0.217058914239266,0.0290651133189973,0.160281400363708,0.0213971829877755,0.0393703849447526,"1","saltmarsh",2015
0.265163505749666,0.028608311941192,0.162820189299966,0.0209559467899099,0.0389438951955398,"1","saltmarsh",2015
0.313268097260066,0.0281584816646054,0.165413637885637,0.0205214651219623,0.0385258083404675,"1","saltmarsh",2015
0.361372688770466,0.0277155226061629,0.16805921565687,0.0200937948480034,0.0381157776392755,"1","saltmarsh",2015
0.409477280280866,0.0272793361106027,0.170754499646722,0.0196729792818403,0.0377134751551046,"1","saltmarsh",2015
0.457581871791266,0.0268498247418913,0.173497173307694,0.0192590489995445,0.0373185908751359,"1","saltmarsh",2015
0.505686463301666,0.0264268922744691,0.176285024762956,0.0188520226522837,0.0369308318302372,"1","saltmarsh",2015
0.553791054812066,0.026010443684335,0.17911594451458,0.0184519077705,0.0365499212226725,"1","saltmarsh",2015
0.601895646322467,0.0256003851399819,0.181987922722312,0.0180587015521799,0.0361755975692285,"1","saltmarsh",2015
0.650000237832867,0.0251966239931912,0.184899046152143,0.0176723916294684,0.0358076138655966,"1","saltmarsh",2015
0.698104829343267,0.0247990687696972,0.187847494880609,0.0172929568091978,0.0354457367765258,"1","saltmarsh",2015
0.746209420853667,0.0244076291597291,0.19083153882843,0.0169203677840479,0.035089745855115,"1","saltmarsh",2015
0.794314012364067,0.0240222160084407,0.193849534185901,0.0165545878120203,0.0347394327936357,"1","saltmarsh",2015
0.842418603874467,0.0236427413062361,0.196899919782393,0.0161955733627351,0.0343946007074542,"1","saltmarsh",2015
0.890523195384867,0.0232691181789988,0.199981213443396,0.0158432747297359,0.0340550634529347,"1","saltmarsh",2015
0.938627786895267,0.022901260878234,0.203092008370668,0.0154976366085483,0.0337206449796436,"1","saltmarsh",2015
0.986732378405667,0.0225390847711293,0.206230969574232,0.0151585986406897,0.0333911787167192,"1","saltmarsh",2015
1.03483696991607,0.0221825063305447,0.209396830379026,0.0148260959241853,0.0330665069929094,"1","saltmarsh",2015
1.08294156142647,0.0218314431249352,0.212588389023942,0.0145000594914257,0.0327464804894976,"1","saltmarsh",2015
1.13104615293687,0.0214858138082171,0.215804505366698,0.0141804167554105,0.0324309577251202,"1","saltmarsh",2015
1.17915074444727,0.0211455381095807,0.219044097704307,0.0138670919255807,0.0321198045713241,"1","saltmarsh",2015
1.22725533595767,0.0208105368232596,0.22230613971589,0.0135600063945469,0.0318128937976003,"1","saltmarsh",2015
1.27535992746807,0.0204807317982598,0.225589657532045,0.0132590790970913,0.0315101046445555,"1","saltmarsh",2015
1.32346451897847,0.0201560459280571,0.228893726932889,0.0129642268428582,0.0312113224238495,"1","saltmarsh",2015
1.37156911048887,0.0198364031402666,0.232217470675203,0.0126753646241597,0.0309164381435034,"1","saltmarsh",2015
1.41967370199927,0.0195217283862916,0.235560055947751,0.0123924059003153,0.0306253481571968,"1","saltmarsh",2015
1.46777829350967,0.0192119476309562,0.238920691952757,0.0121152628599196,0.0303379538361883,"1","saltmarsh",2015
1.51588288502007,0.0189069878421268,0.242298627610681,0.0118438466623977,0.0300541612625294,"1","saltmarsh",2015
1.56398747653047,0.0186067769803286,0.245693149384781,0.0115780676601615,0.0297738809422848,"1","saltmarsh",2015
1.61209206804087,0.0183112439883606,0.249103579221502,0.0113178356026304,0.029497027537519,"1","saltmarsh",2015
1.66019665955127,0.018020318780914,0.252529272602351,0.0110630598233226,0.0292235196158654,"1","saltmarsh",2015
1.70830125106167,0.0177339322341991,0.255969616702724,0.0108136494111672,0.028953279416548,"1","saltmarsh",2015
1.75640584257207,0.0174520161755845,0.259424028653023,0.0105695133671255,0.0286862326317852,"1","saltmarsh",2015
1.80451043408247,0.0171745033732522,0.262891953897314,0.0103305607471521,0.0284223082025616,"1","saltmarsh",2015
1.85261502559287,0.0169013275258734,0.266372864644822,0.0100967007924648,0.0281614381278129,"1","saltmarsh",2015
1.90071961710327,0.0166324232523077,0.269866258409584,0.00986784304803706,0.0279035572861247,"1","saltmarsh",2015
1.94882420861367,0.0163677260813306,0.273371656633685,0.00964389747016832,0.0276486032691,"1","saltmarsh",2015
1.99692880012407,0.0161071724413912,0.276888603389632,0.0094247745239334,0.0273965162256059,"1","saltmarsh",2015
2.04503339163447,0.0158506996504047,0.280416664157525,0.00921038527126106,0.0271472387161559,"1","saltmarsh",2015
2.09313798314487,0.0155982459055818,0.283955424672898,0.00900064145034105,0.0269007155767392,"1","saltmarsh",2015
2.14124257465527,0.0153497502732983,0.287504489841211,0.00879545554701251,0.0266568937914472,"1","saltmarsh",2015
2.18934716616567,0.0151051526790086,0.291063482715202,0.00859474085874144,0.0264157223732974,"1","saltmarsh",2015
2.23745175767607,0.0148643938972037,0.294632043531433,0.00839841155175319,0.0261771522526905,"1","saltmarsh",2015
2.28555634918647,0.014627415541419,0.298209828802593,0.00820638271184618,0.0259411361729797,"1","saltmarsh",2015
2.33366094069687,0.0143941600542916,0.301796510462254,0.00801857038937572,0.0257076285926634,"1","saltmarsh",2015
-2.18459867180459,0.285507936826228,0.086356147817481,0.252267171983832,0.321246972180782,"1","saltmarsh",2016
-2.13256123845018,0.28064647971992,0.0849749441930099,0.248280339729693,0.315461273389207,"1","saltmarsh",2016
-2.08052380509578,0.275835843427221,0.0836330289249392,0.244321708985538,0.309748689635753,"1","saltmarsh",2016
-2.02848637174137,0.271076593684441,0.0823323230908636,0.240391261048369,0.304110691299025,"1","saltmarsh",2016
-1.97644893838696,0.2663692550399,0.0810748101184395,0.236488967861518,0.298548659577303,"1","saltmarsh",2016
-1.92441150503256,0.261714311203902,0.0798625303741858,0.232614795280939,0.293063883608054,"1","saltmarsh",2016
-1.87237407167815,0.257112205453402,0.078697574242276,0.228768706721292,0.287657557394532,"1","saltmarsh",2016
-1.82033663832374,0.252563341088801,0.0775820735562887,0.224950667179681,0.282330776534125,"1","saltmarsh",2016
-1.76829920496934,0.248068081940278,0.0765181912671248,0.221160647622868,0.277084534754724,"1","saltmarsh",2016
-1.71626177161493,0.24362675292098,0.07550810926063,0.217398629709142,0.27191972027965,"1","saltmarsh",2016
-1.66422433826052,0.239239640624394,0.0745540142799987,0.213664610798855,0.266837112058539,"1","saltmarsh",2016
-1.61218690490612,0.234906993963151,0.0736580819614067,0.209958609188343,0.261837375920614,"1","saltmarsh",2016
-1.56014947155171,0.23062902484655,0.0728224590564506,0.206280669481045,0.256921060727496,"1","saltmarsh",2016
-1.5081120381973,0.226405908894032,0.0720492439908122,0.202630867988027,0.252088594624123,"1","saltmarsh",2016
-1.4560746048429,0.22223778618189,0.0713404659929469,0.199009318029114,0.247340281507309,"1","saltmarsh",2016
-1.40403717148849,0.218124762020468,0.0706980631160295,0.195416174986776,0.242676297850447,"1","saltmarsh",2016
-1.35199973813408,0.214066907759175,0.0701238595661236,0.191851640949714,0.238096690038085,"1","saltmarsh",2016
-1.29996230477968,0.210064261616616,0.0696195428336384,0.188315968773477,0.233601372373745,"1","saltmarsh",2016
-1.24792487142527,0.206116829533246,0.0691866411968687,0.184809465383198,0.229190125926717,"1","saltmarsh",2016
-1.19588743807086,0.202224586043947,0.0688265022187511,0.181332494150249,0.224862598376965,"1","saltmarsh",2016
-1.14385000471646,0.19838747516801,0.0685402728843072,0.17788547619113,0.220618305000904,"1","saltmarsh",2016
-1.09181257136205,0.194605411314061,0.0683288820211988,0.174468890463722,0.216456630914244,"1","saltmarsh",2016
-1.03977513800764,0.190878280197534,0.0681930256060146,0.1710832725724,0.212376834651932,"1","saltmarsh",2016
-0.987737704653237,0.187205939768364,0.0681331554836724,0.167729212238001,0.208378053120947,"1","saltmarsh",2016
-0.93570027129883,0.183588221146654,0.0681494719190548,0.1644073494389,0.204459307911792,"1","saltmarsh",2016
-0.883662837944423,0.180024929564137,0.0682419202642618,0.161118369282276,0.200619512901942,"1","saltmarsh",2016
-0.831625404590017,0.176515845309363,0.0684101918699673,0.157862995716494,0.196857483033003,"1","saltmarsh",2016
-0.77958797123561,0.173060724674595,0.0686537292056423,0.154641984242823,0.193171944096363,"1","saltmarsh",2016
-0.727550537881203,0.169659300902502,0.0689717349921085,0.151456113824009,0.189561543323171,"1","saltmarsh",2016
-0.675513104526797,0.166311285130842,0.0693631850020289,0.148306178215974,0.186024860546081,"1","saltmarsh",2016
-0.62347567117239,0.163016367333379,0.0698268440590994,0.145192976965332,0.182560419684113,"1","saltmarsh",2016
-0.571438237817983,0.159774217255413,0.0703612846720832,0.142117306318994,0.179166700298797,"1","saltmarsh",2016
-0.519400804463577,0.156584485342363,0.0709649076796562,0.13907995028322,0.175842148979014,"1","saltmarsh",2016
-0.46736337110917,0.153446803659957,0.0716359642573644,0.136081672049768,0.172585190332052,"1","saltmarsh",2016
-0.415325937754763,0.150360786804657,0.0723725786469343,0.133123205978197,0.169394237387301,"1","saltmarsh",2016
-0.363288504400357,0.147326032803047,0.0731727710064001,0.130205250288862,0.166267701253953,"1","saltmarsh",2016
-0.31125107104595,0.144342123999015,0.0740344798410003,0.127328460583215,0.163203999912283,"1","saltmarsh",2016
-0.259213637691543,0.141408627927616,0.0749555835526877,0.124493444269466,0.160201566057029,"1","saltmarsh",2016
-0.207176204337137,0.138525098174622,0.0759339207333882,0.121700755934775,0.157258853948612,"1","saltmarsh",2016
-0.15513877098273,0.135691075220843,0.0769673089174168,0.118950893671562,0.154374345261818,"1","saltmarsh",2016
-0.103101337628323,0.132906087270366,0.0780535615962379,0.116244296336669,0.151546553950759,"1","saltmarsh",2016
-0.0510639042739167,0.130169651061977,0.079190503379827,0.113581341698565,0.148774030172766,"1","saltmarsh",2016
0.000973529080489755,0.127481272663072,0.0803759832603442,0.110962345409755,0.146055363332196,"1","saltmarsh",2016
0.0530109624348967,0.124840448245468,0.0816078859939892,0.108387560728945,0.143389184318015,"1","saltmarsh",2016
0.105048395789303,0.122246664842582,0.0828841416651749,0.105857178909768,0.140774167017041,"1","saltmarsh",2016
0.15708582914371,0.119699401087529,0.0842027335337856,0.103371330169412,0.138209029188449,"1","saltmarsh",2016
0.209123262498117,0.117198127931739,0.0855617042921344,0.100930085150504,0.135692532785354,"1","saltmarsh",2016
0.261160695852523,0.11474230934379,0.0869591608745834,0.0985334567924429,0.133223483806705,"1","saltmarsh",2016
0.31319812920693,0.112331402988179,0.0883932779710807,0.0961814025331429,0.13080073175812,"1","saltmarsh",2016
0.365235562561336,0.109964860883836,0.0898623003976521,0.0938738267684401,0.128423168794249,"1","saltmarsh",2016
0.417272995915743,0.107642130042252,0.0913645444735924,0.0916105835034199,0.126089728608412,"1","saltmarsh",2016
0.46931042927015,0.1053626530851,0.0928983985480928,0.0893914791373914,0.123799385127939,"1","saltmarsh",2016
0.521347862624557,0.103125868841336,0.0944623228094544,0.0872162753316977,0.12155115106639,"1","saltmarsh",2016
0.573385295978963,0.100931212923774,0.0960548484988598,0.0850846919167858,0.119344076376683,"1","saltmarsh",2016
0.62542272933337,0.0987781182851832,0.0976745766386746,0.0829964098017723,0.117177246642535,"1","saltmarsh",2016
0.677460162687777,0.0966660157540106,0.09932017637305,0.0809510738560181,0.115049781439424,"1","saltmarsh",2016
0.729497596042183,0.0945943345498493,0.100990383006637,0.0789482957378912,0.112960832690746,"1","saltmarsh",2016
0.78153502939659,0.0925625027788268,0.102683995815827,0.076987656650935,0.110909583039905,"1","saltmarsh",2016
0.833572462750996,0.09056994790911,0.104399875696317,0.0750687100120739,0.10889524425473,"1","saltmarsh",2016
0.885609896105403,0.0886160972267592,0.106136942701079,0.0731909840202957,0.106917055676905,"1","saltmarsh",2016
0.93764732945981,0.0867003782721905,0.107894173514059,0.0713539841175109,0.104974282725885,"1","saltmarsh",2016
0.989684762814217,0.0848222192575294,0.109670598897132,0.069557195336025,0.103066215464129,"1","saltmarsh",2016
1.04172219616862,0.0829810494651649,0.111465301140998,0.0678000845293504,0.101192167228183,"1","saltmarsh",2016
1.09375962952303,0.0811762996278327,0.113277411544735,0.0660821024849611,0.0993514733283934,"1","saltmarsh",2016
1.14579706287744,0.0794074022905746,0.115106107943589,0.0644026859191195,0.0975434898184527,"1","saltmarsh",2016
1.19783449623184,0.0776737921549373,0.116950612300198,0.0627612593551229,0.0957675923348661,"1","saltmarsh",2016
1.24987192958625,0.0759749064057921,0.118810188370717,0.0611572368872799,0.0940231750054336,"1","saltmarsh",2016
1.30190936294066,0.0743101850211639,0.120684139454211,0.0595900238336581,0.0923096494251544,"1","saltmarsh",2016
1.35394679629506,0.072679071065474,0.122571806231064,0.0580590182812009,0.0906264436974007,"1","saltmarsh",2016
1.40598422964947,0.0710810109666078,0.124472564694039,0.0565636125272081,0.0889730015378248,"1","saltmarsh",2016
1.45802166300388,0.0695154547772267,0.126385824173845,0.0551031944214429,0.0873487814381848,"1","saltmarsh",2016
1.51005909635828,0.0679818564207496,0.128311025459687,0.0536771486132983,0.0857532558871091,"1","saltmarsh",2016
1.56209652971269,0.066479673922434,0.130247639014129,0.052284857708537,0.0841859106447202,"1","saltmarsh",2016
1.6141339630671,0.06500836962599,0.132195163280724,0.0509257033401363,0.0826462440680175,"1","saltmarsh",2016
1.6661713964215,0.0635674103961626,0.134153123082184,0.0495990671577326,0.0811337664839305,"1","saltmarsh",2016
1.71820882977591,0.0621562678077191,0.136121068106352,0.0483043317400835,0.0796479996070195,"1","saltmarsh",2016
1.77024626313032,0.0607744183212755,0.138098571476858,0.0470408814348572,0.078188475998882,"1","saltmarsh",2016
1.82228369648472,0.0594213434463994,0.140085228405094,0.0458081031299271,0.0767547385664331,"1","saltmarsh",2016
1.87432112983913,0.0580965298924199,0.142080654919979,0.0446053869602022,0.0753463400963495,"1","saltmarsh",2016
1.92635856319354,0.0567994697073744,0.144084486671872,0.0434321269538654,0.0739628428230972,"1","saltmarsh",2016
1.97839599654794,0.055529660405518,0.146096377807007,0.0422877216217236,0.0726038180281008,"1","saltmarsh",2016
2.03043342990235,0.054286605083817,0.148115999908796,0.0411715744932075,0.0712688456677486,"1","saltmarsh",2016
2.08247086325676,0.0530698125278411,0.150143041002444,0.0400830946023858,0.0699575140280704,"1","saltmarsh",2016
2.13450829661116,0.0518787973074655,0.152177204619366,0.0390216969271912,0.0686694194040557,"1","saltmarsh",2016
2.18654572996557,0.0507130798627851,0.154218208918051,0.0379868027848895,0.0674041658017178,"1","saltmarsh",2016
2.23858316331998,0.0495721865806395,0.156265785858078,0.0369778401866598,0.0661613646611352,"1","saltmarsh",2016
2.29062059667438,0.0484556498621363,0.15831968042419,0.0359942441539986,0.0649406345988222,"1","saltmarsh",2016
2.34265803002879,0.0473630081815553,0.160379649897413,0.0350354569995081,0.063741601167904,"1","saltmarsh",2016
2.3946954633832,0.0462938061370087,0.162445463170383,0.0341009285744846,0.0625638966346746,"1","saltmarsh",2016
2.4467328967376,0.0452475944932203,0.164516900104176,0.0331901164855812,0.0614071597702273,"1","saltmarsh",2016
2.49877033009201,0.044223930216784,0.166593750924093,0.0323024862826905,0.0602710356559414,"1","saltmarsh",2016
2.55080776344642,0.0432223765042471,0.168675815651961,0.0314375116200634,0.0591551755017039,"1","saltmarsh",2016
2.60284519680082,0.0422425028033606,0.170762903572684,0.0305946743925599,0.05805923647583,"1","saltmarsh",2016
2.65488263015523,0.0412838848278259,0.172854832732895,0.0297734648488168,0.0569828815457271,"1","saltmarsh",2016
2.70692006350964,0.0403461045658588,0.174951429469681,0.0289733816830067,0.0559257793284217,"1","saltmarsh",2016
2.75895749686404,0.0394287502828858,0.177052527967483,0.0281939321067614,0.0548876039501402,"1","saltmarsh",2016
2.81099493021845,0.0385314165186735,0.1791579698414,0.0274346319027373,0.0538680349141958,"1","saltmarsh",2016
2.86303236357286,0.0376537040791864,0.181267603745214,0.0266950054612087,0.0528667569764975,"1","saltmarsh",2016
2.91506979692726,0.036795220023459,0.183381285002575,0.0259745858009891,0.0518834600280502,"1","saltmarsh",2016
2.96710723028167,0.0359555776457562,0.185498875259888,0.0252729145758991,0.0509178389838671,"1","saltmarsh",2016
-2.59289196989682,0.589664303096945,0.0879077273313088,0.547427440164517,0.630619124405829,"1","saltmarsh",2017
-2.54224472677535,0.583034971407668,0.0865209742293596,0.54132223969409,0.623592038100723,"1","saltmarsh",2017
-2.49159748365388,0.576375481372249,0.0851496414572471,0.535197089062679,0.616519708625479,"1","saltmarsh",2017
-2.44095024053241,0.569688130609715,0.0837944860993635,0.52905340332649,0.609405278364553,"1","saltmarsh",2017
-2.39030299741094,0.562975256895744,0.0824563057787189,0.522892602129002,0.602251983424976,"1","saltmarsh",2017
-2.33965575428947,0.556239235016433,0.0811359404108267,0.516716107843627,0.595063149183815,"1","saltmarsh",2017
-2.289008511168,0.549482473509293,0.0798342739159273,0.510525343773873,0.587842185456231,"1","saltmarsh",2017
-2.23836126804653,0.542707411300622,0.0785522358604507,0.504321732432865,0.58059258128067,"1","saltmarsh",2017
-2.18771402492506,0.535916514248945,0.0772908029931563,0.49810669392642,0.573317899317202,"1","saltmarsh",2017
-2.13706678180359,0.529112271604716,0.0760510006353394,0.491881644466301,0.566021769854348,"1","saltmarsh",2017
-2.08641953868212,0.522297192396904,0.0748339038778837,0.485647995042726,0.558707884418934,"1","saltmarsh",2017
-2.03577229556066,0.515473801757496,0.0736406385308463,0.47940715028763,0.551379988982605,"1","saltmarsh",2017
-1.98512505243919,0.508644637195251,0.072472381763784,0.473160507562415,0.544041876757762,"1","saltmarsh",2017
-1.93447780931772,0.50181224483036,0.0713303623673609,0.466909456305933,0.536697380574942,"1","saltmarsh",2017
-1.88383056619625,0.494979175601836,0.0702158605591417,0.460655377679949,0.52935036483318,"1","saltmarsh",2017
-1.83318332307478,0.488147981459618,0.0691302072492273,0.454399644550229,0.522004717014921,"1","saltmarsh",2017
-1.78253607995331,0.481321211553481,0.0680747826749368,0.44814362184138,0.514664338757758,"1","saltmarsh",2017
-1.73188883683184,0.474501408430817,0.0670510143086374,0.441888667302363,0.507333136477008,"1","saltmarsh",2017
-1.68124159371037,0.46769110425534,0.0660603739396983,0.435636132716906,0.500015011536134,"1","saltmarsh",2017
-1.6305943505889,0.460892817058647,0.0651043738311561,0.429387365588535,0.492713849966678,"1","saltmarsh",2017
-1.57994710746743,0.454109047036367,0.0641845618548537,0.423143711323188,0.485433511745988,"1","saltmarsh",2017
-1.52929986434596,0.447342272900421,0.0633025155164518,0.416906515923215,0.478177819649981,"1","saltmarsh",2017
-1.47865262122449,0.440594948298593,0.0624598347946917,0.410677129194516,0.47095054770965,"1","saltmarsh",2017
-1.42800537810302,0.433869498312253,0.0616581337384468,0.404456908453641,0.463755409314364,"1","saltmarsh",2017
-1.37735813498155,0.42716831604267,0.0608990307910944,0.398247222703721,0.456596045022028,"1","saltmarsh",2017
-1.32671089186008,0.420493759295867,0.0601841378449473,0.392049457227295,0.449476010155961,"1","saltmarsh",2017
-1.27606364873861,0.413848147375463,0.0595150480688962,0.385865018520935,0.442398762290282,"1","saltmarsh",2017
-1.22541640561714,0.407233757992397,0.0588933225994671,0.379695339471682,0.435367648749098,"1","saltmarsh",2017
-1.17476916249567,0.400652824299799,0.0583204762379839,0.373541884649776,0.428385894268809,"1","saltmarsh",2017
-1.1241219193742,0.394107532060659,0.0577979623525264,0.367406155567402,0.421456588995916,"1","saltmarsh",2017
-1.07347467625274,0.387600016955287,0.0573271572401888,0.361289695730805,0.414582677013367,"1","saltmarsh",2017
-1.02282743313127,0.381132362034831,0.056909344259419,0.355194095295059,0.407766945604596,"1","saltmarsh",2017
-0.972180190009796,0.374706595326435,0.0565456980900517,0.349120995119005,0.401012015474301,"1","saltmarsh",2017
-0.921532946888327,0.368324687594899,0.0562372695158998,0.343072090014212,0.394320332146591,"1","saltmarsh",2017
-0.870885703766857,0.361988550264924,0.0559849711473989,0.337049130987873,0.38769415875301,"1","saltmarsh",2017
-0.820238460645388,0.355700033507332,0.0557895645063187,0.331053926296361,0.381135570404064,"1","saltmarsh",2017
-0.769591217523918,0.349460924491876,0.0556516488784723,0.325088341153992,0.374646450307888,"1","saltmarsh",2017
-0.718943974402449,0.343272945808532,0.0555716523025841,0.319154295979912,0.368228487759263,"1","saltmarsh",2017
-0.668296731280979,0.337137754058432,0.0555498250046236,0.313253763113295,0.361883178072776,"1","saltmarsh",2017
-0.61764948815951,0.331056938614878,0.0555862355094116,0.30738876198101,0.355611824477945,"1","saltmarsh",2017
-0.56700224503804,0.325032020554202,0.055680769569302,0.301561352759285,0.349415541934705,"1","saltmarsh",2017
-0.516355001916571,0.319064451755544,0.0558331319487821,0.295773628628283,0.343295262768369,"1","saltmarsh",2017
-0.465707758795101,0.313155614167964,0.0560428510003638,0.290027706772064,0.337251743967713,"1","saltmarsh",2017
-0.415060515673632,0.307306819242723,0.0563092858678416,0.284325718322876,0.331285575941626,"1","saltmarsh",2017
-0.364413272552162,0.301519307527944,0.0566316360641479,0.27866979748509,0.325397192491698,"1","saltmarsh",2017
-0.313766029430693,0.295794248422321,0.0570089530978807,0.273062070098519,0.319586881732125,"1","saltmarsh",2017
-0.263118786309223,0.29013274008404,0.0574401537688497,0.267504641912319,0.313854797675405,"1","saltmarsh",2017
-0.212471543187754,0.284535809490588,0.0579240347206606,0.261999586839204,0.308200972202422,"1","saltmarsh",2017
-0.161824300066284,0.279004412644678,0.058459287827598,0.256548935446466,0.302625327147556,"1","saltmarsh",2017
-0.111177056944815,0.273539434921147,0.0590445160024035,0.251154663916947,0.297127686251695,"1","saltmarsh",2017
-0.0605298138233454,0.268141691549304,0.0596782490381937,0.245818683682137,0.291707786766096,"1","saltmarsh",2017
-0.0098825707018757,0.262811928224888,0.0603589591380578,0.240542831893413,0.286365290525292,"1","saltmarsh",2017
0.0407646724195936,0.257550821845557,0.0610850758357003,0.235328862858824,0.281099794345264,"1","saltmarsh",2017
0.0914119155410633,0.252358981363549,0.0618550000657606,0.230178440533935,0.275910839641329,"1","saltmarsh",2017
0.142059158662533,0.247236948749002,0.0626671171993391,0.225093132118244,0.270797921196813,"1","saltmarsh",2017
0.192706401784002,0.242185200057261,0.0635198089156023,0.220074402774926,0.26576049504698,"1","saltmarsh",2017
0.243353644905472,0.237204146593372,0.0644114638316194,0.215123611462334,0.260797985471848,"1","saltmarsh",2017
0.294000888026941,0.232294136166909,0.0653404868580566,0.210242007841206,0.255909791115856,"1","saltmarsh",2017
0.344648131148411,0.227455454430239,0.0663053072869902,0.205430730202245,0.251095290271687,"1","saltmarsh",2017
0.39529537426988,0.222688326293305,0.0673043856494878,0.200690804344342,0.246353845380043,"1","saltmarsh",2017
0.44594261739135,0.217992917408063,0.0683362194048385,0.196023143323909,0.241684806807154,"1","saltmarsh",2017
0.496589860512819,0.21336933571576,0.0693993475408519,0.191428547990053,0.237087515967866,"1","saltmarsh",2017
0.547237103634289,0.208817633050309,0.0704923541762093,0.186907708217923,0.232561307864857,"1","saltmarsh",2017
0.597884346755758,0.204337806791158,0.0716138712622826,0.182461204753047,0.228105513114549,"1","saltmarsh",2017
0.648531589877228,0.199929801559175,0.0727625804840365,0.178089511582016,0.223719459528181,"1","saltmarsh",2017
0.699178832998697,0.195593510949221,0.0739372144584814,0.173792998749056,0.219402473312881,"1","saltmarsh",2017
0.749826076120167,0.191328779293293,0.0751365573254559,0.169571935543353,0.215153879952903,"1","saltmarsh",2017
0.800473319241636,0.187135403448274,0.0763594448200223,0.165426493987879,0.21097300482586,"1","saltmarsh",2017
0.851120562363106,0.18301313460258,0.0776047639090605,0.161356752566856,0.206859173603157,"1","saltmarsh",2017
0.901767805484575,0.178961680096198,0.0788714520672623,0.157362700135295,0.202811712478135,"1","saltmarsh",2017
0.952415048606045,0.174980705248843,0.080158496260062,0.153444239960378,0.198829948259926,"1","saltmarsh",2017
1.00306229172751,0.171069835191233,0.0814649316933903,0.149601193850361,0.19491320836572,"1","saltmarsh",2017
1.05370953484898,0.167228656694693,0.0827898403827522,0.14583330633238,0.191060820739302,"1","saltmarsh",2017
1.10435677797045,0.163456719994611,0.084132349587141,0.142140248845681,0.187272113719224,"1","saltmarsh",2017
1.15500402109192,0.15975354060348,0.0854916301468318,0.138521623921577,0.183546415875988,"1","saltmarsh",2017
1.20565126421339,0.156118601109558,0.0868668947581926,0.134976969325736,0.179883055834057,"1","saltmarsh",2017
1.25629850733486,0.152551352957437,0.0882573962133351,0.131505762142206,0.176281362091368,"1","saltmarsh",2017
1.30694575045633,0.149051218207061,0.0896624256276998,0.128107422782067,0.172740662846358,"1","saltmarsh",2017
1.3575929935778,0.145617591268021,0.091081310674509,0.124781318902539,0.169260285840153,"1","saltmarsh",2017
1.40824023669927,0.142249840606184,0.0925134138413913,0.121526769225095,0.165839558219621,"1","saltmarsh",2017
1.45888747982074,0.138947310419998,0.0939581307213437,0.118343047243374,0.162477806425334,"1","saltmarsh",2017
1.50953472294221,0.135709322284038,0.0954148883475118,0.115229384813749,0.159174356107086,"1","saltmarsh",2017
1.56018196606368,0.132535176757614,0.096883143578982,0.11218497562312,0.155928532068502,"1","saltmarsh",2017
1.61082920918515,0.129424154956495,0.0983623815428521,0.109208978529997,0.152739658241341,"1","saltmarsh",2017
1.66147645230662,0.126375520086031,0.0998521141362367,0.106300520776243,0.149607057689338,"1","saltmarsh",2017
1.71212369542809,0.123388518934173,0.101351878590527,0.103458701067937,0.146530052640901,"1","saltmarsh",2017
1.76277093854956,0.1204623833231,0.102861236099127,0.100682592524766,0.143507964549449,"1","saltmarsh",2017
1.81341818167103,0.117596331518371,0.104379770508993,0.0979712454981547,0.140540114179924,"1","saltmarsh",2017
1.8640654247925,0.114789569594705,0.105907087075599,0.0953236902590119,0.137625821719698,"1","saltmarsh",2017
1.91471266791397,0.112041292757668,0.107442811280351,0.0927389395565476,0.134764406911964,"1","saltmarsh",2017
1.96535991103543,0.109350686620751,0.108986587709087,0.0902159910500975,0.131955189209597,"1","saltmarsh",2017
2.0160071541569,0.106716928437428,0.110538078989885,0.087753829616281,0.129197487947388,"1","saltmarsh",2017
2.06665439727837,0.104139188288012,0.112096964788242,0.0853514295341497,0.126490622530596,"1","saltmarsh",2017
2.11730164039984,0.101616630221188,0.113662940857418,0.0830077565512537,0.123833912637725,"1","saltmarsh",2017
2.16794888352131,0.0991484133503115,0.115235718141712,0.0807217698337664,0.121226678435536,"1","saltmarsh",2017
2.21859612664278,0.0967336929046259,0.116815021930288,0.0784924238039794,0.118668240804341,"1","saltmarsh",2017
2.26924336976425,0.0943716212357082,0.118400591059207,0.0763186698686111,0.116157921571721,"1","saltmarsh",2017
2.31989061288572,0.0920613487795322,0.11999217715928,0.0741994580414709,0.113695043752897,"1","saltmarsh",2017
2.37053785600719,0.0898020249746496,0.121589543947401,0.0721337384640872,0.111278931796101,"1","saltmarsh",2017
2.42118509912866,0.0875927991370697,0.123192466559074,0.0701204628279515,0.108908911831377,"1","saltmarsh",2017
-2.2732394282644,0.721379780972015,0.0879067309487054,0.685469311859349,0.75465774521374,"1","saltmarsh",2018
-2.22874066899098,0.71318679707099,0.0862338647215305,0.677410530134929,0.746480263083233,"1","saltmarsh",2018
-2.18424190971756,0.70485146467121,0.0845857304756168,0.669234170365347,0.738134170279267,"1","saltmarsh",2018
-2.13974315044414,0.696377020143155,0.0829638021786338,0.660942785491435,0.729622972120792,"1","saltmarsh",2018
-2.09524439117072,0.687767039507969,0.0813696469227721,0.652539122742162,0.720950677110153,"1","saltmarsh",2018
-2.05074563189729,0.679025438719373,0.079804929078955,0.644026121488629,0.712121803442459,"1","saltmarsh",2018
-2.00624687262387,0.670156472355756,0.0782714141102409,0.635406910669026,0.703141382645419,"1","saltmarsh",2018
-1.96174811335045,0.661164730660382,0.0767709718897443,0.62668480587976,0.694014960074133,"1","saltmarsh",2018
-1.91724935407703,0.65205513487923,0.0753055793386807,0.617863306248812,0.684748591987544,"1","saltmarsh",2018
-1.87275059480361,0.642832930858854,0.0738773221681193,0.608946091228333,0.675348838938873,"1","saltmarsh",2018
-1.82825183553019,0.633503680880577,0.0724883954746494,0.599937017463687,0.665822755222163,"1","saltmarsh",2018
-1.78375307625677,0.624073253722241,0.071141102906868,0.590840115914223,0.656177874132048,"1","saltmarsh",2018
-1.73925431698335,0.614547812954445,0.069837854088462,0.581659589415305,0.646422188815517,"1","saltmarsh",2018
-1.69475555770993,0.604933803494519,0.0685811599575013,0.572399810879437,0.636564128524374,"1","saltmarsh",2018
-1.65025679843651,0.595237936458181,0.0673736256639849,0.563065322334175,0.626612530117399,"1","saltmarsh",2018
-1.60575803916309,0.585467172365745,0.06621794066312,0.553660834982968,0.616576604714198,"1","saltmarsh",2018
-1.56125927988966,0.575628702776523,0.0651168656553548,0.544191230449062,0.606465899470897,"1","saltmarsh",2018
-1.51676052061624,0.565729930441602,0.0640732160613926,0.53466156331908,0.596290254533542,"1","saltmarsh",2018
-1.47226176134282,0.555778448081047,0.0630898417867853,0.525077065039161,0.58605975533026,"1","saltmarsh",2018
-1.4277630020694,0.545782015906712,0.0621696031310529,0.515443149130886,0.575784680488975,"1","saltmarsh",2018
-1.38326424279598,0.535748538025825,0.0613153428337718,0.505765417586488,0.565475445813131,"1","saltmarsh",2018
-1.33876548352256,0.525686037873199,0.0605298544251731,0.496049668174973,0.555142544910806,"1","saltmarsh",2018
-1.29426672424914,0.515602632831103,0.0598158472580775,0.48630190224768,0.544796487247238,"1","saltmarsh",2018
-1.24976796497572,0.505506508205246,0.059175908833156,0.476528332481686,0.534447734568268,"1","saltmarsh",2018
-1.2052692057023,0.495405890732881,0.0586124652767451,0.466735389853832,0.524106636810494,"1","saltmarsh",2018
-1.16077044642887,0.485309021804542,0.0581277410705477,0.456929729011671,0.513783368757881,"1","saltmarsh",2018
-1.11627168715545,0.475224130584326,0.0577237193419737,0.447118231116632,0.503487868807486,"1","saltmarsh",2018
-1.07177292788203,0.465159407214837,0.0574021041769079,0.437308003195782,0.493229781252014,"1","saltmarsh",2018
-1.02727416860861,0.455122976291889,0.0571642864886946,0.427506373065747,0.483018403459895,"1","saltmarsh",2018
-0.982775409335191,0.445122870790899,0.0570113149484017,0.417720878994982,0.472862639225188,"1","saltmarsh",2018
-0.93827665006177,0.435167006621545,0.0569438733411196,0.407959253450544,0.462770959368059,"1","saltmarsh",2018
-0.893777890788349,0.4252631579799,0.0569622654622551,0.39822940052578,0.452751370399072,"1","saltmarsh",2018
-0.849279131514928,0.415418933658016,0.0570664083209615,0.388539366949963,0.44281139173347,"1","saltmarsh",2018
-0.804780372241507,0.405641754459869,0.0572558340021024,0.378897306915804,0.432958041579446,"1","saltmarsh",2018
-0.760281612968086,0.395938831860057,0.0575297000901033,0.369311441297083,0.423197831256514,"1","saltmarsh",2018
-0.715782853694665,0.386317148027711,0.0578868081189272,0.359790012136279,0.413536767357319,"1","saltmarsh",2018
-0.671284094421244,0.376783437323111,0.0583256291221713,0.350341233533828,0.403980360876239,"1","saltmarsh",2018
-0.626785335147823,0.367344169358621,0.0588443350489747,0.340973240246248,0.394533642212167,"1","saltmarsh",2018
-0.582286575874402,0.358005533699117,0.059440834606979,0.331694035388424,0.385201180822832,"1","saltmarsh",2018
-0.537787816600981,0.348773426260284,0.0601128120017006,0.322511438634677,0.375987108265987,"1","saltmarsh",2018
-0.49328905732756,0.339653437446258,0.0608577670580238,0.313433036231594,0.366895143401646,"1","saltmarsh",2018
-0.448790298054139,0.330650842051362,0.0616730553190363,0.304466133988004,0.357928618635026,"1","saltmarsh",2018
-0.404291538780718,0.321770590934312,0.0625559268977805,0.295617714213037,0.349090506233428,"1","saltmarsh",2018
-0.359792779507297,0.313017304457513,0.0635035630831478,0.286894397352318,0.340383443932161,"1","saltmarsh",2018
-0.315294020233876,0.304395267669059,0.0645131099469676,0.278302408844232,0.331809759236146,"1","saltmarsh",2018
-0.270795260960455,0.295908427191038,0.0655817084434605,0.269847551498804,0.323371492009378,"1","saltmarsh",2018
-0.226296501687034,0.287560389764786,0.0667065207176624,0.261535183503106,0.315070415112446,"1","saltmarsh",2018
-0.181797742413612,0.279354422392015,0.0678847525347784,0.253370201986831,0.306908052991371,"1","saltmarsh",2018
-0.137298983140191,0.271293454000274,0.0691136719015826,0.245357031943417,0.298885698235711,"1","saltmarsh",2018
-0.0928002238667704,0.26338007855216,0.0703906240723184,0.237499620196306,0.291004426209833,"1","saltmarsh",2018
-0.0483014645933495,0.255616559509975,0.0717130432168417,0.229801434024694,0.283265107920395,"1","saltmarsh",2018
-0.00380270531992855,0.248004835561275,0.0730784610819775,0.222265464014905,0.27566842131894,"1","saltmarsh",2018
0.0406960539534924,0.240546527505808,0.0744845130034353,0.214894230678157,0.268214861255104,"1","saltmarsh",2018
0.0851948132269134,0.233242946200862,0.0759289416307581,0.207689794368537,0.260904748297583,"1","saltmarsh",2018
0.129693572500335,0.22609510145975,0.0774095987170489,0.200653768042185,0.253738236630718,"1","saltmarsh",2018
0.174192331773756,0.219103711797168,0.0789244453034758,0.19378733241631,0.246715321217891,"1","saltmarsh",2018
0.218691091047177,0.212269214915309,0.0804715505998702,0.18709125311145,0.239835844401722,"1","saltmarsh",2018
0.263189850320598,0.205591778825809,0.0820490898303748,0.180565899389737,0.233099502087763,"1","saltmarsh",2018
0.307688609594019,0.199071313504739,0.0836553412795483,0.174211264133862,0.226505849634656,"1","saltmarsh",2018
0.35218736886744,0.192707482980874,0.0852886827413919,0.168026984744281,0.220054307550769,"1","saltmarsh",2018
0.39668612814086,0.186499717761211,0.0869475875426411,0.162012364664952,0.213744167076101,"1","saltmarsh",2018
0.441184887414282,0.180447227502064,0.0886306202831053,0.15616639527973,0.207574595709044,"1","saltmarsh",2018
0.485683646687703,0.174549013838975,0.0903364324102413,0.150487777951855,0.201544642720843,"1","saltmarsh",2018
0.530182405961124,0.168803883293983,0.0920637577226321,0.144974946007602,0.195653244686188,"1","saltmarsh",2018
0.574681165234545,0.163210460184407,0.0938114078775724,0.139626086491773,0.189899231046359,"1","saltmarsh",2018
0.619179924507966,0.157767199463182,0.0955782679613536,0.134439161547339,0.184281329711489,"1","saltmarsh",2018
0.663678683781387,0.152472399426718,0.0973632921668722,0.129411929294129,0.178798172700655,"1","saltmarsh",2018
0.708177443054808,0.147324214232328,0.0991654996115607,0.124541964102076,0.173448301812422,"1","saltmarsh",2018
0.752676202328229,0.142320666173262,0.100983970319098,0.119826676173248,0.168230174313907,"1","saltmarsh",2018
0.79717496160165,0.137459657665312,0.102817841380598,0.11526333036379,0.163142168633186,"1","saltmarsh",2018
0.841673720875071,0.132738982904746,0.104666303304753,0.110849064192094,0.158182590037737,"1","saltmarsh",2018
0.886172480148492,0.128156339162914,0.10652859656148,0.106580904993117,0.15334967628042,"1","saltmarsh",2018
0.930671239421913,0.12370933768825,0.108404008319776,0.102455786190823,0.148641603193998,"1","saltmarsh",2018
0.975169998695334,0.119395514191474,0.110291869377523,0.0984705626714834,0.144056490215354,"1","saltmarsh",2018
1.01966875796875,0.115212338894631,0.112191551278796,0.0946220252499033,0.139592405821188,"1","saltmarsh",2018
1.06416751724218,0.111157226129109,0.114102463612562,0.0909069142289108,0.135247372857893,"1","saltmarsh",2018
1.1086662765156,0.107227543471939,0.116024051485581,0.0873219320595199,0.131019373749593,"1","saltmarsh",2018
1.15316503578902,0.103420620413578,0.117955793161509,0.0838637551152873,0.126906355569703,"1","saltmarsh",2018
1.19766379506244,0.0997337565538598,0.119897197857798,0.0805290445995487,0.12290623496293,"1","saltmarsh",2018
1.24216255433586,0.0961642293260374,0.121847803691748,0.0773144566085471,0.119016902906227,"1","saltmarsh",2018
1.28666131360928,0.0927093012516761,0.123807175767048,0.0742166513770206,0.11523622929884,"1","saltmarsh",2018
1.3311600728827,0.0893662267317519,0.125774904392259,0.0712323017356852,0.111562067373207,"1","saltmarsh",2018
1.37565883215612,0.0861322583815435,0.127750603422882,0.0683581008122823,0.107992257920037,"1","saltmarsh",2018
1.42015759142954,0.0830046529188811,0.129733908718956,0.0655907690095493,0.104524633322406,"1","saltmarsh",2018
1.46465635070297,0.0799806766170064,0.131724476710465,0.0629270602946496,0.10115702139516,"1","saltmarsh",2018
1.50915510997639,0.0770576103347303,0.133721983063191,0.0603637678353501,0.0978872490272354,"1","saltmarsh",2018
1.55365386924981,0.0742327541377626,0.135726121438058,0.0578977290185926,0.0947131456257954,"1","saltmarsh",2018
1.59815262852323,0.0715034315260564,0.137736602337373,0.0555258298871314,0.0916325463621978,"1","saltmarsh",2018
1.64265138779665,0.0688669932827657,0.139753152031817,0.0532450090296472,0.0886432952208813,"1","saltmarsh",2018
1.68715014707007,0.0663208209609865,0.141775511562372,0.0510522609592358,0.0857432478531953,"1","saltmarsh",2018
1.73164890634349,0.0638623300248446,0.143803435811789,0.0489446390144532,0.0829302742390425,"1","saltmarsh",2018
1.77614766561691,0.0614889726617403,0.145836692640563,0.0469192578162054,0.0802022611599522,"1","saltmarsh",2018
1.82064642489033,0.0591982402826585,0.147875062082691,0.0449732953127425,0.0775571144878515,"1","saltmarsh",2018
1.86514518416375,0.0569876657274354,0.149918335596888,0.0431039944438655,0.0749927612943645,"1","saltmarsh",2018
1.90964394343718,0.0548548251917436,0.151966315369169,0.0413086644542301,0.0725071517859418,"1","saltmarsh",2018
1.9541427027106,0.0527973398923336,0.154018813663077,0.0395846818843275,0.070098261070521,"1","saltmarsh",2018
1.99864146198402,0.0508128774867679,0.156075652214049,0.0379294912663883,0.0677640907617392,"1","saltmarsh",2018
2.04314022125744,0.0488991532635064,0.158136661664711,0.036340605551085,0.065502670426969,"1","saltmarsh",2018
2.08763898053086,0.0470539311177734,0.160201681038112,0.0348156062895298,0.0633120588856405,"1","saltmarsh",2018
2.13213773980428,0.0452750243281567,0.162270557246145,0.0333521435936898,0.0611903453644409,"1","saltmarsh",2018
-2.68594389971763,0.953528388679117,0.149000074293009,0.938733176548446,0.964884384240218,"1","saltmarsh",2019
-2.63757342465982,0.950537393548271,0.146386032958137,0.935166320991835,0.962410701751967,"1","saltmarsh",2019
-2.589202949602,0.947364519139471,0.14378278016827,0.931405631346257,0.959770845193014,"1","saltmarsh",2019
-2.54083247454419,0.944000105336163,0.141190912676456,0.92744222525789,0.956954805716755,"1","saltmarsh",2019
-2.49246199948638,0.940434162510674,0.138611069160085,0.923267008768653,0.953952136561902,"1","saltmarsh",2019
-2.44409152442856,0.936656385503801,0.136043933664059,0.918870695877407,0.950751958344014,"1","saltmarsh",2019
-2.39572104937075,0.932656171937474,0.133490239349838,0.914243831747793,0.947342968862491,"1","saltmarsh",2019
-2.34735057431294,0.928422645336624,0.130950772576419,0.909376819842301,0.943713458079884,"1","saltmarsh",2019
-2.29898009925512,0.923944683550014,0.128426377340648,0.904259953254813,0.939851328974635,"1","saltmarsh",2019
-2.25060962419731,0.919210952966617,0.125917960105465,0.898883450500617,0.935744125007295,"1","saltmarsh",2019
-2.2022391491395,0.914209949022375,0.123426495045424,0.893237496002851,0.931379064971466,"1","saltmarsh",2019
-2.15386867408168,0.908930043480028,0.120953029739119,0.887312285486728,0.926743086021164,"1","saltmarsh",2019
-2.10549819902387,0.903359538939996,0.118498691337684,0.881098076456975,0.921822895672834,"1","saltmarsh",2019
-2.05712772396606,0.897486731001019,0.11606469323706,0.874585243888878,0.916605033568943,"1","saltmarsh",2019
-2.00875724890824,0.891299978433111,0.113652342278897,0.867764341208866,0.911075943756837,"1","saltmarsh",2019
-1.96038677385043,0.884787781650224,0.111263046500372,0.860626166576144,0.905222058176778,"1","saltmarsh",2019
-1.91201629879262,0.8779388696738,0.108898323446258,0.853161834402683,0.899029891961939,"1","saltmarsh",2019
-1.86364582373481,0.870742295659272,0.106559809046681,0.845362851965059,0.892486151025699,"1","saltmarsh",2019
-1.81527534867699,0.863187540914156,0.104249267050287,0.837221200869127,0.885577852242963,"1","saltmarsh",2019
-1.76690487361918,0.855264627167738,0.101968598984082,0.828729423028402,0.878292456317769,"1","saltmarsh",2019
-1.71853439856137,0.846964236658322,0.0997198545868804,0.819880710711349,0.870618013165289,"1","saltmarsh",2019
-1.67016392350355,0.838277839385375,0.0975052426317587,0.810669000103792,0.862543319319467,"1","saltmarsh",2019
-1.62179344844574,0.829197826632413,0.0953271420127827,0.801089067723546,0.854058086506554,"1","saltmarsh",2019
-1.57342297338793,0.819717649605419,0.0931881129209617,0.791136628918695,0.845153120100124,"1","saltmarsh",2019
-1.52505249833011,0.809831961755428,0.0910909078723674,0.780808437582878,0.835820505698122,"1","saltmarsh",2019
-1.4766820232723,0.799536763068977,0.0890384822762151,0.770102386134741,0.826053801543096,"1","saltmarsh",2019
-1.42831154821449,0.788829544324131,0.0870340041414227,0.759017604738945,0.815848233953432,"1","saltmarsh",2019
-1.37994107315667,0.777709429032354,0.0850808624164332,0.747554558696411,0.805200892360589,"1","saltmarsh",2019
-1.33157059809886,0.766177310528467,0.0831826733398033,0.735715142904938,0.794110919974664,"1","saltmarsh",2019
-1.28320012304105,0.754235981444753,0.081343284050906,0.723502772288879,0.782579695553298,"1","saltmarsh",2019
-1.23482964798323,0.741890252623955,0.0795667725763328,0.710922467116728,0.770611001257746,"1","saltmarsh",2019
-1.18645917292542,0.729147058403296,0.077857443176866,0.697980932163285,0.758211171181441,"1","saltmarsh",2019
-1.13808869786761,0.71601554515088,0.0762198159251353,0.684686628719111,0.745389214872385,"1","saltmarsh",2019
-1.08971822280979,0.70250713996949,0.0746586093031583,0.671049838490154,0.732156910086907,"1","saltmarsh",2019
-1.04134774775198,0.688635596611383,0.0731787145849073,0.65708271844568,0.718528859156626,"1","saltmarsh",2019
-0.992977272694167,0.674417015879012,0.0717851608294817,0.642799345640208,0.704522503769319,"1","saltmarsh",2019
-0.944606797636354,0.659869838125019,0.0704830694857094,0.628215750930764,0.690158093698584,"1","saltmarsh",2019
-0.89623632257854,0.6450148059102,0.0692775979284622,0.613349940312816,0.675458606094942,"1","saltmarsh",2019
-0.847865847520727,0.629874895425371,0.0681738717335721,0.598221902293671,0.660449613380727,"1","saltmarsh",2019
-0.799495372462914,0.614475215921704,0.0671769061609044,0.582853599313575,0.645159099551976,"1","saltmarsh",2019
-0.751124897405101,0.59884287710827,0.0662915181403619,0.567268940738911,0.629617226724294,"1","saltmarsh",2019
-0.702754422347287,0.583006825244128,0.0655222309995199,0.551493734444975,0.613856055964471,"1","saltmarsh",2019
-0.654383947289474,0.566997649449786,0.0648731751554717,0.535555613566823,0.597909228678752,"1","saltmarsh",2019
-0.606013472231661,0.550847360560136,0.0643479889052341,0.519483934741655,0.581811616897673,"1","saltmarsh",2019
-0.557642997173848,0.534589145606933,0.0639497241537545,0.50330964422541,0.56559895250124,"1","saltmarsh",2019
-0.509272522116035,0.518257101721848,0.0636807622781951,0.487065108760569,0.549307446568,"1","saltmarsh",2019
-0.460902047058221,0.501885953860819,0.0635427452280766,0.470783909084406,0.532973410448825,"1","saltmarsh",2019
-0.412531572000408,0.4855107612396,0.0635365263427743,0.454500595512703,0.516632889776114,"1","saltmarsh",2019
-0.364161096942595,0.469166617716768,0.0636621442467138,0.438250407041203,0.500321321436431,"1","saltmarsh",2019
-0.315790621884782,0.45288835154777,0.0639188216589628,0.422068957712784,0.484073221680375,"1","saltmarsh",2019
-0.267420146826968,0.43671022995312,0.0643049892018399,0.405991896365462,0.467921911231522,"1","saltmarsh",2019
-0.219049671769155,0.420665673794692,0.0648183325304249,0.39005454803151,0.451899280757039,"1","saltmarsh",2019
-0.170679196711342,0.404786987343105,0.0654558595512905,0.374291546939281,0.436035597655652,"1","saltmarsh",2019
-0.122308721653529,0.389105107661181,0.0662139833341067,0.358736472074011,0.420359353043479,"1","saltmarsh",2019
-0.0739382465957155,0.373649377544213,0.0670886156522699,0.343421496472739,0.404897146237824,"1","saltmarsh",2019
-0.0255677715379021,0.35844734527372,0.0680752659422215,0.328377060858774,0.389673603021983,"1","saltmarsh",2019
0.0228027035199112,0.343524593687112,0.0691691407917426,0.313631580958109,0.37471132349999,"1","saltmarsh",2019
0.0711731785777245,0.32890460027282,0.0703652397454111,0.299211196050521,0.360030855330048,"1","saltmarsh",2019
0.119543653635537,0.314608629200337,0.0716584441136424,0.285139564195368,0.345650688431949,"1","saltmarsh",2019
0.167914128693351,0.30065565541693,0.0730435964540656,0.271437707342505,0.331587267761514,"1","saltmarsh",2019
0.216284603751164,0.287062320214064,0.0745155693455958,0.258123907374227,0.317855021313163,"1","saltmarsh",2019
0.264655078808977,0.273842917008918,0.0760693229143639,0.245213652165801,0.304466401058312,"1","saltmarsh",2019
0.31302555386679,0.261009405516977,0.0776999512496551,0.232719629094215,0.291431934993872,"1","saltmarsh",2019
0.361396028924604,0.248571452022221,0.0794027183511078,0.220651762116531,0.278760288834235,"1","saltmarsh",2019
0.409766503982417,0.236536493088237,0.0811730845828188,0.209017287592366,0.266458336128461,"1","saltmarsh",2019
0.45813697904023,0.224909819797759,0.0830067247976398,0.197820863422732,0.254531235735029,"1","saltmarsh",2019
0.506507454098044,0.213694679456552,0.0848995393648889,0.187064705784162,0.242982515661047,"1","saltmarsh",2019
0.554877929155857,0.20289239164283,0.0868476593173764,0.176748747706386,0.231814162295575,"1","saltmarsh",2019
0.60324840421367,0.192502475515805,0.0888474467570192,0.166870813923303,0.221026714060414,"1","saltmarsh",2019
0.651618879271483,0.182522785404187,0.0908954915459134,0.157426806770489,0.210619358485294,"1","saltmarsh",2019
0.699989354329297,0.172949651864459,0.0929886051798962,0.148410898361504,0.200590031701949,"1","saltmarsh",2019
0.748359829387109,0.163778025615814,0.0951238126077249,0.139815724808353,0.190935519352329,"1","saltmarsh",2019
0.796730304444923,0.15500162201042,0.0972983426300471,0.131632578823576,0.181651557925215,"1","saltmarsh",2019
0.845100779502736,0.146613063971739,0.0995096173938785,0.123851597623649,0.172732935574321,"1","saltmarsh",2019
0.893471254560549,0.138604021618475,0.101755241393236,0.116461943623008,0.164173591528749,"1","saltmarsh",2019
0.941841729618363,0.130965347077725,0.104032990295929,0.109451975947935,0.155966713280729,"1","saltmarsh",2019
0.990212204676176,0.12368720326963,0.106340799840078,0.102809411297661,0.148104830822502,"1","saltmarsh",2019
1.03858267973399,0.116759185710884,0.108676754980721,0.0965214731286104,0.140579907299993,"1","saltmarsh",2019
1.0869531547918,0.110170436630723,0.111039079415535,0.0905750285324196,0.133383425551644,"1","saltmarsh",2019
1.13532362984962,0.103909750917169,0.11342612557765,0.0849567125179666,0.126506470102918,"1","saltmarsh",2019
1.18369410490743,0.0979656736110742,0.115836365151284,0.079653039693013,0.119939804287243,"1","saltmarsh",2019
1.23206457996524,0.092326588840033,0.118268380140949,0.0746505035748144,0.113673942260116,"1","saltmarsh",2019
1.28043505502306,0.0869808002333908,0.120720854506022,0.0699356639449541,0.10769921576253,"1","saltmarsh",2019
1.32880553008087,0.0819166029841835,0.123192566358371,0.0654952228062364,0.10200583557157,"1","saltmarsh",2019
1.37717600513868,0.0771223478251856,0.12568238071049,0.0613160896036523,0.0965839476488236,"1","saltmarsh",2019
1.42554648019649,0.0725864972660775,0.128189242754411,0.0573854364422619,0.0914236840607731,"1","saltmarsh",2019
1.47391695525431,0.0682976744990713,0.130712171646865,0.0536907440772832,0.0865152087994884,"1","saltmarsh",2019
1.52228743031212,0.0642447054233245,0.133250254773216,0.050219839470463,0.0818487586767959,"1","saltmarsh",2019
1.57065790536993,0.0604166542663111,0.135802642461082,0.0469609257062944,0.0774146795012126,"1","saltmarsh",2019
1.61902838042775,0.0568028532951924,0.138368543114015,0.0439026050458132,0.07320345777481,"1","saltmarsh",2019
1.66739885548556,0.0533929271151895,0.140947218735864,0.0410338958680475,0.0692057481675637,"1","saltmarsh",2019
1.71576933054337,0.0501768120469545,0.143537980817111,0.038344244212777,0.0654123970404077,"1","saltmarsh",2019
1.76413980560119,0.0471447710627274,0.14614018655568,0.0358235305956989,0.0618144622959782,"1","saltmarsh",2019
1.812510280659,0.0442874047432369,0.148753235385997,0.0334620727205733,0.0584032298386723,"1","saltmarsh",2019
1.86088075571681,0.041595658695259,0.151376565791645,0.0312506246642671,0.0551702269239835,"1","saltmarsh",2019
1.90925123077463,0.0390608278446933,0.154009652378481,0.0291803730612583,0.0521072326718083,"1","saltmarsh",2019
1.95762170583244,0.0366745579929959,0.156652003186701,0.027242930765291,0.0492062860102531,"1","saltmarsh",2019
2.00599218089025,0.0344288449966792,0.159303157221912,0.0254303284183344,0.0464596913060223,"1","saltmarsh",2019
2.05436265594807,0.0323160319010745,0.161962682186762,0.0237350043114833,0.0438600219252853,"1","saltmarsh",2019
2.10273313100588,0.0303288043312243,0.164630172396157,0.0221497928793857,0.0414001219554986,"1","saltmarsh",2019
-1.76227170871065,0.941889450658556,0.133394185865314,0.925813656224896,0.954652332920265,"1","saltmarsh",2020
-1.71056497312087,0.937889558398818,0.130729065479717,0.921180373111167,0.951244000425037,"1","saltmarsh",2020
-1.6588582375311,0.933633743132787,0.128084601173014,0.916280780394847,0.947595570667937,"1","saltmarsh",2020
-1.60715150194132,0.929108360526683,0.125462099105744,0.911102523313582,0.943692576136497,"1","saltmarsh",2020
-1.55544476635154,0.924299421033746,0.122862965633703,0.905633047916733,0.939520049566346,"1","saltmarsh",2020
-1.50373803076176,0.919192638665532,0.120288715574308,0.899859649648327,0.935062566685999,"1","saltmarsh",2020
-1.45203129517199,0.913773489674987,0.117740981067106,0.893769529439599,0.930304300727983,"1","saltmarsh",2020
-1.40032455958221,0.908027281986238,0.115221521030978,0.887349857764931,0.925229089999532,"1","saltmarsh",2020
-1.34861782399243,0.901939236161801,0.112732231205893,0.880587847069133,0.919820519794932,"1","saltmarsh",2020
-1.29691108840266,0.895494578624274,0.11027515474732,0.873470832913166,0.914062019879895,"1","saltmarsh",2020
-1.24520435281288,0.888678647741812,0.107852493315413,0.865986364108618,0.907936978676626,"1","saltmarsh",2020
-1.1934976172231,0.881477013240146,0.105466618567567,0.85812230201803,0.901428875116208,"1","saltmarsh",2020
-1.14179088163332,0.87387560921401,0.103120083920261,0.849866929088482,0.894521428892097,"1","saltmarsh",2020
-1.09008414604355,0.86586088077412,0.100815636392804,0.841209066560328,0.887198769534479,"1","saltmarsh",2020
-1.03837741045377,0.85741994407924,0.0985562282799522,0.83213820115289,0.879445624320454,"1","saltmarsh",2020
-0.986670674863992,0.848540759165259,0.0963450283209959,0.822644620376073,0.871247524531837,"1","saltmarsh",2020
-0.934963939274215,0.839212314595141,0.09418543193879,0.81271955595384,0.862591028965995,"1","saltmarsh",2020
-0.883257203684438,0.829424822517935,0.0920810700129995,0.802355334674853,0.853463962895236,"1","saltmarsh",2020
-0.831550468094661,0.819169922247801,0.0900358155286044,0.791545535810014,0.843855669862453,"1","saltmarsh",2020
-0.779843732504884,0.808440889964227,0.0880537873062956,0.780285154057977,0.83375727280845,"1","saltmarsh",2020
-0.728136996915107,0.797232851605257,0.0861393498813598,0.768570766798275,0.823161940072901,"1","saltmarsh",2020
-0.676430261325329,0.785542995493203,0.084297108461108,0.756400704245271,0.812065150830918,"1","saltmarsh",2020
-0.624723525735552,0.773370780717676,0.0825318977713695,0.74377522089901,0.800464953568469,"1","saltmarsh",2020
-0.573016790145775,0.760718136827768,0.0808487635187038,0.730696666470967,0.788362210323913,"1","saltmarsh",2020
-0.521310054555998,0.747589649981058,0.07925293517077,0.717169654208558,0.775760818704313,"1","saltmarsh",2020
-0.469603318966221,0.733992730390602,0.0777497888214546,0.703201224232637,0.762667903209633,"1","saltmarsh",2020
-0.417896583376444,0.71993775573191,0.0763447990913513,0.688800999115137,0.749093967257098,"1","saltmarsh",2020
-0.366189847786666,0.705438185148438,0.0750434793485504,0.673981328438958,0.735052997582067,"1","saltmarsh",2020
-0.314483112196889,0.690510638651644,0.0738513100431761,0.658757418486777,0.720562513477944,"1","saltmarsh",2020
-0.262776376607112,0.675174937070098,0.0727736556411031,0.643147442503296,0.70564355467652,"1","saltmarsh",2020
-0.211069641017335,0.659454098273811,0.0718156715039683,0.627172626196948,0.690320603569416,"1","saltmarsh",2020
-0.159362905427558,0.643374286187532,0.0709822030489433,0.610857302358029,0.674621439881221,"1","saltmarsh",2020
-0.10765616983778,0.626964710101501,0.0702776805516265,0.594228927777962,0.658576928707342,"1","saltmarsh",2020
-0.0559494342480034,0.610257472968882,0.0697060139132271,0.577318055205358,0.642220745836465,"1","saltmarsh",2020
-0.00424269865822624,0.593287368711814,0.0692704924592359,0.560158253042091,0.625589047242014,"1","saltmarsh",2020
0.0474640369315511,0.576091629996614,0.0689736952275185,0.542785966041216,0.608720092269509,"1","saltmarsh",2020
0.0991707725213282,0.55870962942665,0.0688174171198809,0.52524031155873,0.591653832094481,"1","saltmarsh",2020
0.150877508111105,0.541182538574572,0.0688026156674603,0.507562807999226,0.574431476258901,"1","saltmarsh",2020
0.202584243700883,0.52355295066565,0.0689293820096794,0.489797034939961,0.557095050389392,"1","saltmarsh",2020
0.25429097929066,0.505864473962839,0.0691969381093405,0.471988227852486,0.539686957558675,"1","saltmarsh",2020
0.305997714880437,0.488161303928652,0.069603660400147,0.454182814083176,0.522249554301304,"1","saltmarsh",2020
0.357704450470214,0.470487782994785,0.0701471282121341,0.436427900440623,0.504824750268631,"1","saltmarsh",2020
0.409411186059991,0.452887957217041,0.0708241936744759,0.418770725981624,0.487453638196911,"1","saltmarsh",2020
0.461117921649769,0.435405139205955,0.0716310685442376,0.401258096041232,0.470176158559372,"1","saltmarsh",2020
0.512824657239546,0.418081486496395,0.0725634226718832,0.38393581496523,0.453030801220931,"1","saltmarsh",2020
0.564531392829323,0.400957603964802,0.0736164886207363,0.366848135256032,0.436054344771621,"1","saltmarsh",2020
0.6162381284191,0.384072178050949,0.0747851672576528,0.350037239955854,0.419281633044336,"1","saltmarsh",2020
0.667944864008877,0.367461649437636,0.0760641298154572,0.333542773206644,0.402745387601239,"1","saltmarsh",2020
0.719651599598654,0.351159929544475,0.0774479128532839,0.317401431274706,0.386476054617527,"1","saltmarsh",2020
0.771358335188432,0.33519816476603,0.0789310035663838,0.301646623183963,0.370501684488339,"1","saltmarsh",2020
0.823065070778209,0.319604550898959,0.080507913900328,0.286308206744959,0.354847842519701,"1","saltmarsh",2020
0.874771806367986,0.30440419872457,0.0821732428171621,0.271412302449529,0.339537549141783,"1","saltmarsh",2020
0.926478541957763,0.289619050304547,0.083921726790584,0.256981184629302,0.324591248135442,"1","saltmarsh",2020
0.97818527754754,0.27526784426158,0.085748279153917,0.243033246598988,0.310026801355244,"1","saltmarsh",2020
1.02989201313732,0.261366127195516,0.0876480192937767,0.229583034315689,0.29585950835467,"1","saltmarsh",2020
1.08159874872709,0.247926307459107,0.0896162928953542,0.216641341424684,0.282102149182208,"1","saltmarsh",2020
1.13330548431687,0.234957746802334,0.0916486845317983,0.204215357429957,0.268765048442319,"1","saltmarsh",2020
1.18501221990665,0.2224668848954,0.0937410238819257,0.192308860091346,0.255856158528623,"1","saltmarsh",2020
1.23671895549643,0.210457391451684,0.0958893867869325,0.18092244295461,0.243381159763463,"1","saltmarsh",2020
1.2884256910862,0.198930340578016,0.0980900922429765,0.170053769097446,0.231343575038658,"1","saltmarsh",2020
1.34013242667598,0.187884402058737,0.100339696292229,0.159697842648929,0.219744896461755,"1","saltmarsh",2020
1.39183916226576,0.177316044505387,0.102634983634809,0.149847290337078,0.208584721478397,"1","saltmarsh",2020
1.44354589785553,0.16721974564664,0.104972957647852,0.140492646168747,0.19786089596712,"1","saltmarsh",2020
1.49525263344531,0.157588205463712,0.107350829372099,0.13162263328412,0.187569661885248,"1","saltmarsh",2020
1.54695936903509,0.148412558366361,0.109766005914111,0.123224438000487,0.177705807177496,"1","saltmarsh",2020
1.59866610462487,0.139682581127771,0.112216078614944,0.115283972021962,0.168262815833738,"1","saltmarsh",2020
1.65037284021464,0.131386893830071,0.114698811253707,0.107786119708831,0.159233016189379,"1","saltmarsh",2020
1.70207957580442,0.123513151596615,0.117212128486054,0.10071496814706,0.150607725790577,"1","saltmarsh",2020
1.7537863113942,0.116048225387239,0.11975410466188,0.0940540185184723,0.14237739138749,"1","saltmarsh",2020
1.80549304698397,0.108978370596754,0.122322953121748,0.087786377935816,0.13453172286281,"1","saltmarsh",2020
1.85719978257375,0.102289382617011,0.124917016036253,0.0818949314711735,0.127059820142483,"1","saltmarsh",2020
1.90890651816353,0.0959667388941528,0.127534754825096,0.0763624945722523,0.119950292364322,"1","saltmarsh",2020
1.96061325375331,0.0899957273330084,0.130174741171675,0.0711719464341625,0.113191368793538,"1","saltmarsh",2020
2.01231998934308,0.0843615611700988,0.132835648633367,0.0663063451817365,0.106771001168357,"1","saltmarsh",2020
2.06402672493286,0.0790494806573258,0.135516244836188,0.0617490259283108,0.100676957331884,"1","saltmarsh",2020
2.11573346052264,0.0740448420731673,0.138215384234445,0.057483682920931,0.0948969061569625,"1","saltmarsh",2020
2.16744019611242,0.0693331947111794,0.140932001410498,0.0534944370690756,0.0894184938988591,"1","saltmarsh",2020
2.21914693170219,0.0649003465912915,0.143665104886265,0.0497658901938494,0.0842294122167553,"1","saltmarsh",2020
2.27085366729197,0.0607324197025753,0.146413771416195,0.0462831673361856,0.079317458190357,"1","saltmarsh",2020
2.32256040288175,0.0568158956215896,0.149177140730628,0.0430319484340966,0.074670586724003,"1","saltmarsh",2020
2.37426713847152,0.0531376523626772,0.151954410698528,0.0399984906277029,0.0702769557792737,"1","saltmarsh",2020
2.4259738740613,0.0496849933099704,0.154744832879252,0.0371696423829129,0.06612496491023,"1","saltmarsh",2020
2.47768060965108,0.0464456690592896,0.157547708434106,0.0345328505455592,0.0622032875950483,"1","saltmarsh",2020
2.52938734524086,0.0434078929650557,0.160362384369801,0.0320761613519282,0.0585008978659448,"1","saltmarsh",2020
2.58109408083063,0.0405603511458551,0.16318825008749,0.0297882163325189,0.0550070917377892,"1","saltmarsh",2020
2.63280081642041,0.0378922076549896,0.166024734212665,0.0276582439563745,0.0517115039264657,"1","saltmarsh",2020
2.68450755201019,0.0353931054714229,0.168871301682892,0.0256760477756005,0.0486041203324445,"1","saltmarsh",2020
2.73621428759996,0.033053163913796,0.171727451071988,0.0238319917453475,0.0456752867446442,"1","saltmarsh",2020
2.78792102318974,0.0308629730271063,0.17459271213086,0.0221169833147211,0.0429157141957442,"1","saltmarsh",2020
2.83962775877952,0.0288135854393495,0.177466643526766,0.0205224548095521,0.0403164813737572,"1","saltmarsh",2020
2.8913344943693,0.0268965061348149,0.180348830764224,0.0190403435591491,0.0378690344668204,"1","saltmarsh",2020
2.94304122995907,0.0251036805424324,0.183238884272167,0.0176630711562673,0.0355651847895947,"1","saltmarsh",2020
2.99474796554885,0.0234274812920444,0.186136437643235,0.0163835221825542,0.0333971045110031,"1","saltmarsh",2020
3.04645470113863,0.0218606939490188,0.189041146012287,0.0151950226805457,0.0313573207748127,"1","saltmarsh",2020
3.0981614367284,0.0203965019983714,0.191952684562324,0.0140913186076324,0.029438708477159,"1","saltmarsh",2020
3.14986817231818,0.0190284713135997,0.194870747147044,0.0130665544669936,0.0276344819388385,"1","saltmarsh",2020
3.20157490790796,0.0177505343126997,0.197795045020168,0.0121152522749296,0.0259381856852578,"1","saltmarsh",2020
3.25328164349774,0.0165569739742712,0.200725305662573,0.0112322909929498,0.0243436845234947,"1","saltmarsh",2020
3.30498837908751,0.0154424078600654,0.203661271699004,0.0104128865259815,0.0228451530840647,"1","saltmarsh",2020
3.35669511467729,0.0144017722666421,0.206602699896922,0.00965257236478192,0.0214370649747577,"1","saltmarsh",2020
-2.06219496237034,0.89499019956442,0.117813164326587,0.871226789892971,0.914797242049472,"1","saltmarsh",2021
-2.01208238395558,0.888122491761301,0.115042706817008,0.86368332597359,0.908643603555686,"1","saltmarsh",2021
-1.96196980554083,0.880865419401903,0.112305820702231,0.855763002394909,0.902098905461925,"1","saltmarsh",2021
-1.91185722712607,0.873204814410864,0.109605020889082,0.847454620701992,0.895146096844996,"1","saltmarsh",2021
-1.86174464871131,0.865127039319234,0.10694304144388,0.83874754073281,0.887768525923945,"1","saltmarsh",2021
-1.81163207029656,0.856619151049373,0.104322854116994,0.829631800722503,0.879950139908557,"1","saltmarsh",2021
-1.7615194918818,0.847669077680012,0.101747687627978,0.820098244288093,0.871675705804416,"1","saltmarsh",2021
-1.71140691346704,0.838265807155628,0.0992210474286706,0.810138653590401,0.862931051291834,"1","saltmarsh",2021
-1.66129433505229,0.828399586453013,0.0967467355352169,0.799745887823893,0.853703324033019,"1","saltmarsh",2021
-1.61118175663753,0.818062129224573,0.0943288698611233,0.788914026054574,0.843981266873084,"1","saltmarsh",2021
-1.56106917822278,0.807246829412088,0.0919719022881942,0.777638513319111,0.83375550539247,"1","saltmarsh",2021
-1.51095659980802,0.795948977780233,0.0896806344782327,0.765916308823013,0.82301884315729,"1","saltmarsh",2021
-1.46084402139326,0.78416597777362,0.0874602301563658,0.753746035037378,0.811766558827927,"1","saltmarsh",2021
-1.41073144297851,0.771897556576174,0.0853162222925242,0.741128126493858,0.799996698067334,"1","saltmarsh",2021
-1.36061886456375,0.759145966772545,0.0832545132843091,0.728064977110475,0.787710351998403,"1","saltmarsh",2021
-1.31050628614899,0.745916173606135,0.0812813659261693,0.714561084931297,0.774911912873203,"1","saltmarsh",2021
-1.26039370773424,0.732216022527328,0.0794033826742747,0.700623193202174,0.761609296734936,"1","saltmarsh",2021
-1.21028112931948,0.718056381559089,0.0776274705377396,0.686260426688857,0.747814122295056,"1","saltmarsh",2021
-1.16016855090472,0.703451253004389,0.0759607889159585,0.671484422013394,0.733541835148049,"1","saltmarsh",2021
-1.11005597248997,0.68841784920641,0.0744106779438195,0.656309450467806,0.718811766947093,"1","saltmarsh",2021
-1.05994339407521,0.672976627467991,0.0729845654920251,0.640752531185652,0.703647120400063,"1","saltmarsh",2021
-1.00983081566045,0.657151279852777,0.0716898519787662,0.624833531649961,0.688074873021431,"1","saltmarsh",2021
-0.959718237245698,0.640968674428361,0.0705337736271921,0.608575251264906,0.672125595535432,"1","saltmarsh",2021
-0.909605658830941,0.624458745560651,0.0695232467317471,0.592003482159445,0.655833184617695,"1","saltmarsh",2021
-0.859493080416185,0.607654332105012,0.0686646977626178,0.575147039659456,0.639234514106827,"1","saltmarsh",2021
-0.809380502001428,0.590590963726493,0.0679638865149481,0.558037753208171,0.622369013587053,"1","saltmarsh",2021
-0.759267923586672,0.573306597069309,0.0674257316629097,0.540710407285287,0.605278187872135,"1","saltmarsh",2021
-0.709155345171915,0.555841305025042,0.0670541496032684,0.52320262148759,0.588005094850572,"1","saltmarsh",2021
-0.659042766757159,0.538236923852385,0.0668519179712381,0.505554659784468,0.57059380181981,"1","saltmarsh",2021
-0.608930188342403,0.520536664308086,0.0668205743953585,0.48780916132029,0.553088841393332,"1","saltmarsh",2021
-0.558817609927646,0.502784694188968,0.0669603588498074,0.470010789040797,0.535534687091167,"1","saltmarsh",2021
-0.50870503151289,0.485025700694597,0.067270204554031,0.452205797612803,0.51797526591506,"1","saltmarsh",2021
-0.458592453098133,0.467304441745248,0.0677477782134898,0.434441528033779,0.500453520976552,"1","saltmarsh",2021
-0.408479874683377,0.449665295791029,0.0683895661169457,0.416765842235994,0.483011032242622,"1","saltmarsh",2021
-0.35836729626862,0.432151819703019,0.0691909988592506,0.399226516074948,0.465687698438668,"1","saltmarsh",2021
-0.308254717853864,0.414806324043152,0.0701466047738192,0.381870612672524,0.448521478780808,"1","saltmarsh",2021
-0.258142139439107,0.397669474382547,0.0712501808287166,0.364743859739548,0.431548189969711,"1","saltmarsh",2021
-0.208029561024351,0.380779926412328,0.0724949697815793,0.347890054131095,0.414801351961577,"1","saltmarsh",2021
-0.157916982609594,0.364174001416553,0.0738738335800723,0.331350514695417,0.398312075369559,"1","saltmarsh",2021
-0.107804404194838,0.347885407314905,0.075379414966403,0.31516360088826,0.382108983679366,"1","saltmarsh",2021
-0.0576918257800814,0.331945009002054,0.077004281583656,0.299364310170484,0.366218164432018,"1","saltmarsh",2021
-0.00757924736532489,0.31638065018194,0.0787410492210362,0.283983962421028,0.350663144781148,"1","saltmarsh",2021
0.0425333310494316,0.301217027387531,0.0805824829061575,0.269049974935009,0.33546488808398,"1","saltmarsh",2021
0.092645909464188,0.286475615452304,0.0825215762021637,0.254585727376072,0.320641809242434,"1","saltmarsh",2021
0.142758487878945,0.272174642411621,0.0845516102456643,0.240610512524847,0.306209807278547,"1","saltmarsh",2021
0.192871066293701,0.258329110701304,0.0866661947939147,0.227139565911222,0.292182314090015,"1","saltmarsh",2021
0.242983644708457,0.244950860614943,0.0888592939070284,0.214184165448764,0.278570358523494,"1","saltmarsh",2021
0.293096223123214,0.232048671295518,0.0911252389622733,0.201751790955749,0.26538264488931,"1","saltmarsh",2021
0.34320880153797,0.219628394073078,0.0934587315711271,0.189846332862106,0.252625644893383,"1","saltmarsh",2021
0.393321379952727,0.207693112709972,0.0958548387224841,0.178468339359435,0.24030370174714,"1","saltmarsh",2021
0.443433958367483,0.196243325061052,0.0983089821675503,0.167615291641146,0.22841914498824,"1","saltmarsh",2021
0.49354653678224,0.185277140774328,0.100816923737053,0.157281897593886,0.216972414343328,"1","saltmarsh",2021
0.543659115196996,0.17479048991967,0.103374747968074,0.147460395241169,0.205962190813712,"1","saltmarsh",2021
0.593771693611753,0.164777337808857,0.105978843132956,0.1381408583187,0.195385533078296,"1","saltmarsh",2021
0.643884272026509,0.155229901729366,0.108625881514551,0.12931149750523,0.185238017288174,"1","saltmarsh",2021
0.693996850441266,0.146138865827752,0.111312799562781,0.120958951983279,0.175513878370186,"1","saltmarsh",2021
0.744109428856022,0.137493590920011,0.114036778395705,0.113068567114662,0.166206151054033,"1","saltmarsh",2021
0.794222007270779,0.129282316553265,0.116795224970525,0.105624655052348,0.157306808978792,"1","saltmarsh",2021
0.844334585685535,0.121492353176326,0.119585754141689,0.0986107360498374,0.148806900408186,"1","saltmarsh",2021
0.894447164100292,0.114110262781515,0.122406171739968,0.0920097590580161,0.140696679278702,"1","saltmarsh",2021
0.944559742515048,0.107122026845372,0.125254458743428,0.0858043009114911,0.132965730510236,"1","saltmarsh",2021
0.994672320929805,0.100513200814305,0.128128756564874,0.0799767440016265,0.125603088716583,"1","saltmarsh",2021
1.04478489934456,0.0942690547485188,0.131027353446863,0.0745094328167348,0.118597349655388,"1","saltmarsh",2021
1.09489747775932,0.0883747000522992,0.133948671932179,0.0693848101090282,0.111936773948528,"1","saltmarsh",2021
1.14501005617407,0.0828152024814291,0.1368912573621,0.0645855337331855,0.105609382780095,"1","saltmarsh",2021
1.19512263458883,0.0775756818316696,0.139853767345166,0.0600945754039804,0.0996030454374402,"1","saltmarsh",2021
1.24523521300359,0.0726413988792102,0.142834962133826,0.0558953027520455,0.0939055586995127,"1","saltmarsh",2021
1.29534779141834,0.0679978302692365,0.145833695844219,0.0519715461289709,0.0885047181954767,"1","saltmarsh",2021
1.3454603698331,0.063630732136981,0.148848908454425,0.0483076516364307,0.0833883819554735,"1","saltmarsh",2021
1.39557294824786,0.0595261933017798,0.15187961851822,0.0448885218388372,0.0785445264552835,"1","saltmarsh",2021
1.44568552666261,0.0556706789036262,0.154924916534053,0.0416996455740499,0.0739612955188148,"1","saltmarsh",2021
1.49579810507737,0.0520510653581612,0.1579839589123,0.0387271182096621,0.0696270424883604,"1","saltmarsh",2021
1.54591068349213,0.0486546674942765,0.161055962487579,0.0359576536099676,0.0655303661041796,"1","saltmarsh",2021
1.59602326190688,0.0454692587124601,0.164140199526728,0.0333785889864015,0.0616601405539836,"1","saltmarsh",2021
1.64613584032164,0.0424830849651405,0.167235993186948,0.0309778837065472,0.0580055401611473,"1","saltmarsh",2021
1.6962484187364,0.0396848733156064,0.170342713382323,0.0287441130373134,0.0545560591796741,"1","saltmarsh",2021
1.74636099715115,0.037063835782148,0.173459773020596,0.0266664576993803,0.0513015271557375,"1","saltmarsh",2021
1.79647357556591,0.0346096691210344,0.176586624575413,0.024734690014609,0.0482321203015158,"1","saltmarsh",2021
1.84658615398066,0.0323125511475558,0.179722756962483,0.0229391573372909,0.0453383693083607,"1","saltmarsh",2021
1.89669873239542,0.0301631341400193,0.182867692691002,0.0212707633749326,0.042611164004297,"1","saltmarsh",2021
1.94681131081018,0.0281525358183913,0.186020985264411,0.0197209479253418,0.0400417552364562,"1","saltmarsh",2021
1.99692388922493,0.0262723283380477,0.189182216807053,0.0182816654844348,0.0376217543331824,"1","saltmarsh",2021
2.04703646763969,0.0245145256904203,0.192350995895514,0.0169453631135014,0.0353431304739543,"1","saltmarsh",2021
2.09714904605445,0.0228715698566298,0.195526955575538,0.0157049578955301,0.0331982062685331,"1","saltmarsh",2021
2.1472616244692,0.0213363160177128,0.198709751547219,0.0145538142573855,0.0311796518203671,"1","saltmarsh",2021
2.19737420288396,0.0199020170859094,0.2018990605029,0.0134857213878006,0.0292804775236339,"1","saltmarsh",2021
2.24748678129872,0.0185623077857141,0.205094578603693,0.0124948709399134,0.027494025818672,"1","saltmarsh",2021
2.29759935971347,0.0173111884809299,0.20829602008194,0.0115758351710073,0.025813962107152,"1","saltmarsh",2021
2.34771193812823,0.0161430089147274,0.21150311595814,0.0107235456407706,0.0242342650063111,"1","saltmarsh",2021
2.39782451654299,0.0150524520035093,0.214715612862003,0.00993327256232422,0.022749216101009,"1","saltmarsh",2021
2.44793709495774,0.0140345178020731,0.217933271948287,0.00920060487705252,0.0213533893333062,"1","saltmarsh",2021
2.4980496733725,0.0130845077369216,0.221155867898962,0.00852143110449547,0.02004164015172,"1","saltmarsh",2021
2.54816225178726,0.0121980091864164,0.224383188004086,0.00789192100183003,0.0188090945262608,"1","saltmarsh",2021
2.59827483020201,0.011370880470568,0.227615031314471,0.00730850805343263,0.0176511379207502,"1","saltmarsh",2021
2.64838740861677,0.0105992362994314,0.230851207859901,0.00676787279933257,0.0165634043007091,"1","saltmarsh",2021
2.69849998703152,0.0098794337171014,0.234091537927238,0.00626692700174285,0.0155417652432089,"1","saltmarsh",2021
2.74861256544628,0.00920805856801366,0.237335851393296,0.00580279864101434,0.0145823192044292,"1","saltmarsh",2021
2.79872514386104,0.00858191250345864,0.240583987107827,0.00537281772605838,0.0136813809911657,"1","saltmarsh",2021
2.84883772227579,0.0079980005387528,0.243835792322403,0.00497450289930319,0.0128354714741085,"1","saltmarsh",2021
2.89895030069055,0.00745351916522362,0.247091122161371,0.00460554881239736,0.0120413075732734,"1","saltmarsh",2021
-1.72936045867188,0.917552464938554,0.124787975449028,0.897059188814197,0.934264934301056,"1","saltmarsh",2022
-1.68417957905906,0.910243845310703,0.12104793540293,0.88888146043265,0.927832774773395,"1","saltmarsh",2022
-1.63899869944624,0.902356293539294,0.117355918011379,0.880130956515172,0.920831429987224,"1","saltmarsh",2022
-1.59381781983341,0.89385642991423,0.113716600800465,0.870779902249954,0.913222564774839,"1","saltmarsh",2022
-1.54863694022059,0.884711189150059,0.110135208181889,0.860801125145187,0.904967656643542,"1","saltmarsh",2022
-1.50345606060777,0.874888289756023,0.106617577552957,0.850168416092781,0.896028537631732,"1","saltmarsh",2022
-1.45827518099495,0.864356772761725,0.103170231092068,0.838856930618372,0.886368038785141,"1","saltmarsh",2022
-1.41309430138213,0.853087609239103,0.0998004524150957,0.826843628869013,0.875950740239172,"1","saltmarsh",2022
-1.3679134217693,0.841054373292511,0.0965163664839379,0.814107751813715,0.864743825676907,"1","saltmarsh",2022
-1.32273254215648,0.82823397383999,0.0933270200670893,0.800631330096515,0.85271803433973,"1","saltmarsh",2022
-1.27755166254366,0.814607434622606,0.0902424585673564,0.786399721092586,0.839848696707422,"1","saltmarsh",2022
-1.23237078293084,0.800160707554056,0.087273793089886,0.771402169088707,0.826116831456473,"1","saltmarsh",2022
-1.18718990331802,0.784885499926788,0.0844332492010612,0.75563238323543,0.811510271538099,"1","saltmarsh",2022
-1.14200902370519,0.768780091365159,0.0817341859893266,0.739089128030506,0.79602477662274,"1","saltmarsh",2022
-1.09682814409237,0.751850112076743,0.0791910710014975,0.721776821491634,0.779665078492367,"1","saltmarsh",2022
-1.05164726447955,0.734109250281633,0.0768193938516027,0.703706136545208,0.762445796387329,"1","saltmarsh",2022
-1.00646638486673,0.715579854123292,0.074635499565744,0.684894600880741,0.744392152448259,"1","saltmarsh",2022
-0.961285505253907,0.696293392322377,0.0726563231760714,0.665367188643488,0.725540415280568,"1","saltmarsh",2022
-0.916104625641086,0.676290738733969,0.0708990111203278,0.645156892646995,0.705938004598673,"1","saltmarsh",2022
-0.870923746028264,0.655622249129583,0.0693804240153665,0.624305257100543,0.685643203986456,"1","saltmarsh",2022
-0.825742866415442,0.634347604126639,0.0681165301054068,0.602862837581432,0.664724453239814,"1","saltmarsh",2022
-0.78056198680262,0.612535400212861,0.067121718459725,0.580889537952421,0.64325922587828,"1","saltmarsh",2022
-0.735381107189798,0.590262481011566,0.0664080829621625,0.558454756095044,0.621332537826197,"1","saltmarsh",2022
-0.690200227576976,0.567613012808145,0.0659847471372694,0.535637257014208,0.599035173562507,"1","saltmarsh",2022
-0.645019347964154,0.544677321178704,0.0658573094285393,0.51252468980207,0.576461747753538,"1","saltmarsh",2022
-0.599838468351332,0.521550518418069,0.0660274831710282,0.489212680030355,0.553708735357084,"1","saltmarsh",2022
-0.55465758873851,0.498330963346701,0.0664929833965323,0.465803463504671,0.53087259672155,"1","saltmarsh",2022
-0.509476709125688,0.475118604982983,0.0672476774794467,0.442404077189104,0.508048097501867,"1","saltmarsh",2022
-0.464295829512866,0.452013268620509,0.0682819770519638,0.419124178986654,0.485326883529224,"1","saltmarsh",2022
-0.419114949900044,0.429112946403154,0.0695834149219999,0.396073617590803,0.462796328829442,"1","saltmarsh",2022
-0.373934070287222,0.406512154211964,0.0711373309354978,0.37335990596195,0.440538640862526,"1","saltmarsh",2022
-0.328753190674401,0.384300412593361,0.0729275877249683,0.351085761386661,0.418630186700091,"1","saltmarsh",2022
-0.283572311061579,0.362560901948706,0.0749372486049255,0.329346862085905,0.397140997870143,"1","saltmarsh",2022
-0.238391431448757,0.341369331956387,0.0771491696903274,0.30822994042075,0.376134416420441,"1","saltmarsh",2022
-0.193210551835935,0.320793053112234,0.0795464802343543,0.287811293615742,0.355666855075792,"1","saltmarsh",2022
-0.148029672223113,0.300890425362102,0.0821129443497136,0.268155751987957,0.335787655369933,"1","saltmarsh",2022
-0.102848792610291,0.281710446063218,0.0848332111865445,0.249316107489043,0.316539036207771,"1","saltmarsh",2022
-0.0576679129974691,0.263292627837504,0.0876929688686592,0.231332975209095,0.297956130228744,"1","saltmarsh",2022
-0.0124870333846472,0.24566710696907,0.0906790209260965,0.214235038639964,0.280067106775185,"1","saltmarsh",2022
0.0326938462281747,0.228854955311891,0.0937793040151628,0.198039615836833,0.262893379149189,"1","saltmarsh",2022
0.0778747258409966,0.212868663427032,0.0969828637716905,0.182753477206538,0.246449891297871,"1","saltmarsh",2022
0.123055605453819,0.197712759847773,0.100279802789422,0.168373845148045,0.230745476095287,"1","saltmarsh",2022
0.16823648506664,0.183384530773254,0.103661211684744,0.154889509720384,0.215783274706222,"1","saltmarsh",2022
0.213417364679462,0.169874805780152,0.107119091420486,0.142282001520372,0.201561204543113,"1","saltmarsh",2022
0.258598244292284,0.157168777902674,0.110646272706715,0.130526771776523,0.188072462236651,"1","saltmarsh",2022
0.303779123905106,0.145246830223948,0.114236336423066,0.119594339272269,0.175306047829644,"1","saltmarsh",2022
0.348960003517928,0.134085345524522,0.117883537583397,0.109451373291861,0.163247296959358,"1","saltmarsh",2022
0.39414088313075,0.123657480172874,0.121582734322459,0.100061690748663,0.15187840894688,"1","saltmarsh",2022
0.439321762743572,0.113933888012928,0.125329322649618,0.0913871536234916,0.141178960277713,"1","saltmarsh",2022
0.484502642356394,0.104883384273779,0.129119177214833,0.0833884595998848,0.13112639475958,"1","saltmarsh",2022
0.529683521969216,0.096473543340504,0.132948598006132,0.0760258242622002,0.121696483529065,"1","saltmarsh",2022
0.574864401582038,0.0886712274916957,0.13681426269689,0.069259557453851,0.112863749926656,"1","saltmarsh",2022
0.62004528119486,0.08144304639433,0.140713184247704,0.0630505394795817,0.104601855980558,"1","saltmarsh",2022
0.665226160807682,0.07475574925788,0.144642673313583,0.0573606049222599,0.0968839487738152,"1","saltmarsh",2022
0.710407040420504,0.0685765531258206,0.148600304992314,0.0521528430947734,0.0896829662833096,"1","saltmarsh",2022
0.755587920033326,0.0628734118821067,0.152583889459715,0.0473918247266137,0.0829719033605357,"1","saltmarsh",2022
0.800768799646147,0.0576152312412494,0.156591446062157,0.0430437645479897,0.076724039376128,"1","saltmarsh",2022
0.845949679258969,0.0527720353447818,0.160621180469319,0.0390766291201777,0.0709131296877042,"1","saltmarsh",2022
0.891130558871791,0.0483150906735063,0.164671464526233,0.0354601986871101,0.0655135635356126,"1","saltmarsh",2022
0.936311438484613,0.0442169928676306,0.168740818480321,0.0321660910863828,0.0605004912495464,"1","saltmarsh",2022
0.981492318097435,0.0404517217817635,0.172827895294538,0.0291677549339912,0.0558499237879111,"1","saltmarsh",2022
1.02667319771026,0.0369946697362939,0.176931466790981,0.0264404384438637,0.0515388076579931,"1","saltmarsh",2022
1.07185407732308,0.0338226474998784,0.181050411399735,0.0239611394025382,0.0475450782032411,"1","saltmarsh",2022
1.1170349569359,0.0309138720805114,0.185183703315264,0.0217085410199354,0.0438476941166202,"1","saltmarsh",2022
1.16221583654872,0.028247939938596,0.189330402887214,0.019662937637472,0.0404266558653258,"1","saltmarsh",2022
1.20739671616154,0.0258057887819697,0.193489648094288,0.017806153605029,0.0372630105083824,"1","saltmarsh",2022
1.25257759577437,0.0235696506721004,0.197660646969003,0.0161214580427792,0.0343388451680323,"1","saltmarsh",2022
1.29775847538719,0.0215229987705886,0.201842670858011,0.0145934776825548,0.0316372711888396,"1","saltmarsh",2022
1.34293935500001,0.019650489690237,0.206035048417309,0.0132081095332548,0.0291424007931372,"1","saltmarsh",2022
1.38812023461283,0.017937903087309,0.210237160254527,0.0119524347309006,0.026839317823772,"1","saltmarsh",2022
1.43330111422565,0.0163720798413237,0.214448434141612,0.0108146346103569,0.0247140439592129,"1","saltmarsh",2022
1.47848199383848,0.0149408599146284,0.218668340730953,0.00978390976604392,0.0227535015947113,"1","saltmarsh",2022
1.5236628734513,0.0136330207639656,0.222896389716397,0.00885040264666948,0.0209454744078941,"1","saltmarsh",2022
1.56884375306412,0.0124382169876702,0.227132126387962,0.00800512404787165,0.0192785664686137,"1","saltmarsh",2022
1.61402463267694,0.0113469217320802,0.231375128535387,0.00723988372083235,0.017742160611055,"1","saltmarsh",2022
1.65920551228976,0.010350370246191,0.235625003661229,0.00654722519907357,0.0163263766605275,"1","saltmarsh",2022
1.70438639190259,0.00944050586156532,0.239881386468976,0.00592036485500783,0.0150220299972064,"1","saltmarsh",2022
1.74956727151541,0.00860992858218014,0.244143936595893,0.00535313512817322,0.0138205908432823,"1","saltmarsh",2022
1.79474815112823,0.00785184639360623,0.248412336563902,0.004839931814779,0.0127141445773547,"1","saltmarsh",2022
1.83992903074105,0.0071600293402434,0.252686289925023,0.00437566527006508,0.0116953533092242,"1","saltmarsh",2022
1.88510991035387,0.0065287663711084,0.256965519580634,0.0039557153483499,0.0107574188882705,"1","saltmarsh",2022
1.9302907899667,0.00595282491693997,0.261249766256268,0.00357588988823336,0.00989404746814922,"1","saltmarsh",2022
1.97547166957952,0.00542741313244927,0.265538787115745,0.00323238654033154,0.00909941570845928,"1","saltmarsh",2022
2.02065254919234,0.00494814471591404,0.269832354500317,0.00292175773056224,0.00836813865927316,"1","saltmarsh",2022
2.06583342880516,0.00451100620270903,0.274130254780105,0.00264087855206906,0.00769523934600451,"1","saltmarsh",2022
2.11101430841798,0.00411232661868262,0.27843228730656,0.00238691738229337,0.00707612004914015,"1","saltmarsh",2022
2.1561951880308,0.00374874937259324,0.282738263455899,0.00215730902760785,0.00650653525508827,"1","saltmarsh",2022
2.20137606764363,0.00341720626331806,0.287048005754594,0.00194973020560791,0.00598256624009651,"1","saltmarsh",2022
2.24655694725645,0.00311489347657444,0.291361347078946,0.00176207718405545,0.00550059723824901,"1","saltmarsh",2022
2.29173782686927,0.00283924944689691,0.29567812992165,0.00159244540513737,0.00505729313642122,"1","saltmarsh",2022
2.33691870648209,0.0025879344631289,0.299998205718979,0.00143911093378796,0.00464957863328304,"1","saltmarsh",2022
2.38209958609492,0.00235881189933833,0.304321434232929,0.00130051357905999,0.0042746187955868,"1","saltmarsh",2022
2.42728046570774,0.002149930957541,0.30864768298321,0.00117524154770608,0.00392980094270852,"1","saltmarsh",2022
2.47246134532056,0.00195951081366096,0.312976826724533,0.00106201749909622,0.003612717789427,"1","saltmarsh",2022
2.51764222493338,0.00178592606357201,0.31730874696508,0.000959685880235556,0.00332115177697342,"1","saltmarsh",2022
2.5628231045462,0.00162769337168475,0.321643331522476,0.000867201428880824,0.00305306052324782,"1","saltmarsh",2022
2.60800398415902,0.00148345923024345,0.32598047411393,0.00078361874152977,0.00280656332459821,"1","saltmarsh",2022
2.65318486377185,0.00135198874317493,0.330320073977567,0.000708082811345957,0.00257992864354069,"1","saltmarsh",2022
2.69836574338467,0.0012321553539127,0.334662035522233,0.000639820448863926,0.00237156251914052,"1","saltmarsh",2022
2.74354662299749,0.00112293144204585,0.339006268003353,0.000578132505594964,0.00217999783936983,"1","saltmarsh",2022
